<?xml version="1.0" encoding="us-ascii" standalone="yes"?>
<!--XBRL Document Created with XBRLMaster-->
<!--Version: 2.3.08-->
<!--Based on XBRL 2.1-->
<!--Date of creation: 01/03/2023-->
<!--Software architectural design and coding: A'c Dharmapremananda Avt.-->
<!--Copyright (c) 2023 I-NET Business Solutions, Inc. All Rights Reserved.-->
<link:linkbase xmlns:xsi="http://www.w3.org/2001/XMLSchema-instance" xmlns:xlink="http://www.w3.org/1999/xlink" xmlns:link="http://www.xbrl.org/2003/linkbase" xsi:schemaLocation="http://www.xbrl.org/2003/linkbase http://www.xbrl.org/2003/xbrl-linkbase-2003-12-31.xsd">
  <link:roleRef roleURI="http://fision.com/role/Cover" xlink:href="fssn-20211231.xsd#Cover" xlink:type="simple" />
  <link:roleRef roleURI="http://fision.com/role/ConsolidatedBalanceSheet" xlink:href="fssn-20211231.xsd#ConsolidatedBalanceSheet" xlink:type="simple" />
  <link:roleRef roleURI="http://fision.com/role/ConsolidatedBalanceSheetParenthetical" xlink:href="fssn-20211231.xsd#ConsolidatedBalanceSheetParenthetical" xlink:type="simple" />
  <link:roleRef roleURI="http://fision.com/role/ConsolidatedStatementsOfOperations" xlink:href="fssn-20211231.xsd#ConsolidatedStatementsOfOperations" xlink:type="simple" />
  <link:roleRef roleURI="http://fision.com/role/ConsolidatedStatementsOfStockholdersDeficit" xlink:href="fssn-20211231.xsd#ConsolidatedStatementsOfStockholdersDeficit" xlink:type="simple" />
  <link:roleRef roleURI="http://fision.com/role/ConsolidatedStatementsOfCashFlows" xlink:href="fssn-20211231.xsd#ConsolidatedStatementsOfCashFlows" xlink:type="simple" />
  <link:roleRef roleURI="http://fision.com/role/OrganizationAndSignificantAccountingPolicies" xlink:href="fssn-20211231.xsd#OrganizationAndSignificantAccountingPolicies" xlink:type="simple" />
  <link:roleRef roleURI="http://fision.com/role/GoingConcern" xlink:href="fssn-20211231.xsd#GoingConcern" xlink:type="simple" />
  <link:roleRef roleURI="http://fision.com/role/FairValue" xlink:href="fssn-20211231.xsd#FairValue" xlink:type="simple" />
  <link:roleRef roleURI="http://fision.com/role/AccountsReceivable" xlink:href="fssn-20211231.xsd#AccountsReceivable" xlink:type="simple" />
  <link:roleRef roleURI="http://fision.com/role/NotesReceivable" xlink:href="fssn-20211231.xsd#NotesReceivable" xlink:type="simple" />
  <link:roleRef roleURI="http://fision.com/role/PropertyAndEquipment" xlink:href="fssn-20211231.xsd#PropertyAndEquipment" xlink:type="simple" />
  <link:roleRef roleURI="http://fision.com/role/IntangibleAssetsAndGoodwill" xlink:href="fssn-20211231.xsd#IntangibleAssetsAndGoodwill" xlink:type="simple" />
  <link:roleRef roleURI="http://fision.com/role/NotesPayable" xlink:href="fssn-20211231.xsd#NotesPayable" xlink:type="simple" />
  <link:roleRef roleURI="http://fision.com/role/StockholdersDeficit" xlink:href="fssn-20211231.xsd#StockholdersDeficit" xlink:type="simple" />
  <link:roleRef roleURI="http://fision.com/role/RelatedPartyTransactions" xlink:href="fssn-20211231.xsd#RelatedPartyTransactions" xlink:type="simple" />
  <link:roleRef roleURI="http://fision.com/role/ACQUISITIONS" xlink:href="fssn-20211231.xsd#ACQUISITIONS" xlink:type="simple" />
  <link:roleRef roleURI="http://fision.com/role/CommitmentsContingencies" xlink:href="fssn-20211231.xsd#CommitmentsContingencies" xlink:type="simple" />
  <link:roleRef roleURI="http://fision.com/role/LEASES" xlink:href="fssn-20211231.xsd#LEASES" xlink:type="simple" />
  <link:roleRef roleURI="http://fision.com/role/IncomeTaxes" xlink:href="fssn-20211231.xsd#IncomeTaxes" xlink:type="simple" />
  <link:roleRef roleURI="http://fision.com/role/WARRANTS" xlink:href="fssn-20211231.xsd#WARRANTS" xlink:type="simple" />
  <link:roleRef roleURI="http://fision.com/role/CONCENTRATIONS" xlink:href="fssn-20211231.xsd#CONCENTRATIONS" xlink:type="simple" />
  <link:roleRef roleURI="http://fision.com/role/Covid19LoanAndLoanForgiveness" xlink:href="fssn-20211231.xsd#Covid19LoanAndLoanForgiveness" xlink:type="simple" />
  <link:roleRef roleURI="http://fision.com/role/SubsequentEvents" xlink:href="fssn-20211231.xsd#SubsequentEvents" xlink:type="simple" />
  <link:roleRef roleURI="http://fision.com/role/OrganizationAndSignificantAccountingPoliciesPolicies" xlink:href="fssn-20211231.xsd#OrganizationAndSignificantAccountingPoliciesPolicies" xlink:type="simple" />
  <link:roleRef roleURI="http://fision.com/role/OrganizationAndSignificantAccountingPoliciesTables" xlink:href="fssn-20211231.xsd#OrganizationAndSignificantAccountingPoliciesTables" xlink:type="simple" />
  <link:roleRef roleURI="http://fision.com/role/FairValueTables" xlink:href="fssn-20211231.xsd#FairValueTables" xlink:type="simple" />
  <link:roleRef roleURI="http://fision.com/role/AccountsReceivableTables" xlink:href="fssn-20211231.xsd#AccountsReceivableTables" xlink:type="simple" />
  <link:roleRef roleURI="http://fision.com/role/NotesReceivableTables" xlink:href="fssn-20211231.xsd#NotesReceivableTables" xlink:type="simple" />
  <link:roleRef roleURI="http://fision.com/role/PropertyAndEquipmentTables" xlink:href="fssn-20211231.xsd#PropertyAndEquipmentTables" xlink:type="simple" />
  <link:roleRef roleURI="http://fision.com/role/IntangibleAssetsAndGoodwillTables" xlink:href="fssn-20211231.xsd#IntangibleAssetsAndGoodwillTables" xlink:type="simple" />
  <link:roleRef roleURI="http://fision.com/role/AcquisitionsTables" xlink:href="fssn-20211231.xsd#AcquisitionsTables" xlink:type="simple" />
  <link:roleRef roleURI="http://fision.com/role/IncomeTaxesTables" xlink:href="fssn-20211231.xsd#IncomeTaxesTables" xlink:type="simple" />
  <link:roleRef roleURI="http://fision.com/role/WarrantsTables" xlink:href="fssn-20211231.xsd#WarrantsTables" xlink:type="simple" />
  <link:roleRef roleURI="http://fision.com/role/OrganizationAndSignificantAccountingPoliciesDetails" xlink:href="fssn-20211231.xsd#OrganizationAndSignificantAccountingPoliciesDetails" xlink:type="simple" />
  <link:roleRef roleURI="http://fision.com/role/OrganizationAndSignificantAccountingPoliciesDetails1" xlink:href="fssn-20211231.xsd#OrganizationAndSignificantAccountingPoliciesDetails1" xlink:type="simple" />
  <link:roleRef roleURI="http://fision.com/role/OrganizationAndSignificantAccountingPoliciesDetails2" xlink:href="fssn-20211231.xsd#OrganizationAndSignificantAccountingPoliciesDetails2" xlink:type="simple" />
  <link:roleRef roleURI="http://fision.com/role/OrganizationAndSignificantAccountingPoliciesDetailsNarrative" xlink:href="fssn-20211231.xsd#OrganizationAndSignificantAccountingPoliciesDetailsNarrative" xlink:type="simple" />
  <link:roleRef roleURI="http://fision.com/role/GoingConcernDetailsNarrative" xlink:href="fssn-20211231.xsd#GoingConcernDetailsNarrative" xlink:type="simple" />
  <link:roleRef roleURI="http://fision.com/role/FairValueDetails" xlink:href="fssn-20211231.xsd#FairValueDetails" xlink:type="simple" />
  <link:roleRef roleURI="http://fision.com/role/FairValueDetails1" xlink:href="fssn-20211231.xsd#FairValueDetails1" xlink:type="simple" />
  <link:roleRef roleURI="http://fision.com/role/FairValueDetails2" xlink:href="fssn-20211231.xsd#FairValueDetails2" xlink:type="simple" />
  <link:roleRef roleURI="http://fision.com/role/FairValueDetailsNarrative" xlink:href="fssn-20211231.xsd#FairValueDetailsNarrative" xlink:type="simple" />
  <link:roleRef roleURI="http://fision.com/role/AccountsReceivableDetails" xlink:href="fssn-20211231.xsd#AccountsReceivableDetails" xlink:type="simple" />
  <link:roleRef roleURI="http://fision.com/role/NotesReceivableDetails" xlink:href="fssn-20211231.xsd#NotesReceivableDetails" xlink:type="simple" />
  <link:roleRef roleURI="http://fision.com/role/NotesReceivableDetailsNarrative" xlink:href="fssn-20211231.xsd#NotesReceivableDetailsNarrative" xlink:type="simple" />
  <link:roleRef roleURI="http://fision.com/role/PropertyAndEquipmentDetails" xlink:href="fssn-20211231.xsd#PropertyAndEquipmentDetails" xlink:type="simple" />
  <link:roleRef roleURI="http://fision.com/role/PropertyAndEquipmentDetailsNarrative" xlink:href="fssn-20211231.xsd#PropertyAndEquipmentDetailsNarrative" xlink:type="simple" />
  <link:roleRef roleURI="http://fision.com/role/IntangibleAssetsAndGoodwillDetails" xlink:href="fssn-20211231.xsd#IntangibleAssetsAndGoodwillDetails" xlink:type="simple" />
  <link:roleRef roleURI="http://fision.com/role/IntangibleAssetsAndGoodwillDetails1" xlink:href="fssn-20211231.xsd#IntangibleAssetsAndGoodwillDetails1" xlink:type="simple" />
  <link:roleRef roleURI="http://fision.com/role/IntangibleAssetsAndGoodwilllDetails2" xlink:href="fssn-20211231.xsd#IntangibleAssetsAndGoodwilllDetails2" xlink:type="simple" />
  <link:roleRef roleURI="http://fision.com/role/IntangibleAssetsAndGoodwilllDetailsNarrative" xlink:href="fssn-20211231.xsd#IntangibleAssetsAndGoodwilllDetailsNarrative" xlink:type="simple" />
  <link:roleRef roleURI="http://fision.com/role/NotesPayableDetailsNarrative" xlink:href="fssn-20211231.xsd#NotesPayableDetailsNarrative" xlink:type="simple" />
  <link:roleRef roleURI="http://fision.com/role/StockholdersDeficitDetailsNarrative" xlink:href="fssn-20211231.xsd#StockholdersDeficitDetailsNarrative" xlink:type="simple" />
  <link:roleRef roleURI="http://fision.com/role/RelatedPartyTransactionsDetailsNarrative" xlink:href="fssn-20211231.xsd#RelatedPartyTransactionsDetailsNarrative" xlink:type="simple" />
  <link:roleRef roleURI="http://fision.com/role/AcquisitionsDetails" xlink:href="fssn-20211231.xsd#AcquisitionsDetails" xlink:type="simple" />
  <link:roleRef roleURI="http://fision.com/role/AcquisitionsDetails1" xlink:href="fssn-20211231.xsd#AcquisitionsDetails1" xlink:type="simple" />
  <link:roleRef roleURI="http://fision.com/role/AcquisitionsDetails2" xlink:href="fssn-20211231.xsd#AcquisitionsDetails2" xlink:type="simple" />
  <link:roleRef roleURI="http://fision.com/role/AcquisitionsDetailsNarrative" xlink:href="fssn-20211231.xsd#AcquisitionsDetailsNarrative" xlink:type="simple" />
  <link:roleRef roleURI="http://fision.com/role/CommitmentsAndContigenciesDetailsNarrative" xlink:href="fssn-20211231.xsd#CommitmentsAndContigenciesDetailsNarrative" xlink:type="simple" />
  <link:roleRef roleURI="http://fision.com/role/IncomeTaxesDetails" xlink:href="fssn-20211231.xsd#IncomeTaxesDetails" xlink:type="simple" />
  <link:roleRef roleURI="http://fision.com/role/IncomeTaxesDetailsNarrative" xlink:href="fssn-20211231.xsd#IncomeTaxesDetailsNarrative" xlink:type="simple" />
  <link:roleRef roleURI="http://fision.com/role/WarrantsDetails" xlink:href="fssn-20211231.xsd#WarrantsDetails" xlink:type="simple" />
  <link:roleRef roleURI="http://fision.com/role/ConcentrationsDetailsNarrative" xlink:href="fssn-20211231.xsd#ConcentrationsDetailsNarrative" xlink:type="simple" />
  <link:roleRef roleURI="http://fision.com/role/Covid19LoanAndLoanForgivenessDetailsNarrative" xlink:href="fssn-20211231.xsd#Covid19LoanAndLoanForgivenessDetailsNarrative" xlink:type="simple" />
  <link:roleRef roleURI="http://fision.com/role/SubsequentEventsDetailsNarrative" xlink:href="fssn-20211231.xsd#SubsequentEventsDetailsNarrative" xlink:type="simple" />
  <link:calculationLink xlink:type="extended" xlink:role="http://fision.com/role/Cover" xlink:title="00000001 - Document - Document and Entity Information" />
  <link:calculationLink xlink:type="extended" xlink:role="http://fision.com/role/ConsolidatedBalanceSheet" xlink:title="000002 - Statement - CONSOLIDATED BALANCE SHEET">
    <link:loc xlink:type="locator" xlink:href="https://xbrl.fasb.org/us-gaap/2022/elts/us-gaap-2022.xsd#us-gaap_AssetsCurrent" xlink:label="loc_us-gaapAssetsCurrent" />
    <link:loc xlink:type="locator" xlink:href="https://xbrl.fasb.org/us-gaap/2022/elts/us-gaap-2022.xsd#us-gaap_NotesReceivableNet" xlink:label="loc_us-gaapNotesReceivableNet" />
    <link:calculationArc order="2" xlink:arcrole="http://www.xbrl.org/2003/arcrole/summation-item" xlink:from="loc_us-gaapAssetsCurrent" xlink:to="loc_us-gaapNotesReceivableNet" xlink:type="arc" weight="1" />
    <link:loc xlink:type="locator" xlink:href="https://xbrl.fasb.org/us-gaap/2022/elts/us-gaap-2022.xsd#us-gaap_CashAndCashEquivalentsAtCarryingValue" xlink:label="loc_us-gaapCashAndCashEquivalentsAtCarryingValue" />
    <link:calculationArc order="3" xlink:arcrole="http://www.xbrl.org/2003/arcrole/summation-item" xlink:from="loc_us-gaapAssetsCurrent" xlink:to="loc_us-gaapCashAndCashEquivalentsAtCarryingValue" xlink:type="arc" weight="1" />
    <link:loc xlink:type="locator" xlink:href="https://xbrl.fasb.org/us-gaap/2022/elts/us-gaap-2022.xsd#us-gaap_AccountsReceivableNetCurrent" xlink:label="loc_us-gaapAccountsReceivableNetCurrent" />
    <link:calculationArc order="4" xlink:arcrole="http://www.xbrl.org/2003/arcrole/summation-item" xlink:from="loc_us-gaapAssetsCurrent" xlink:to="loc_us-gaapAccountsReceivableNetCurrent" xlink:type="arc" weight="1" />
    <link:loc xlink:type="locator" xlink:href="https://xbrl.fasb.org/us-gaap/2022/elts/us-gaap-2022.xsd#us-gaap_Assets" xlink:label="loc_us-gaapAssets" />
    <link:calculationArc order="5" xlink:arcrole="http://www.xbrl.org/2003/arcrole/summation-item" xlink:from="loc_us-gaapAssets" xlink:to="loc_us-gaapAssetsCurrent" xlink:type="arc" weight="1" />
    <link:loc xlink:type="locator" xlink:href="https://xbrl.fasb.org/us-gaap/2022/elts/us-gaap-2022.xsd#us-gaap_PropertyPlantAndEquipmentNet" xlink:label="loc_us-gaapPropertyPlantAndEquipmentNet" />
    <link:calculationArc order="6" xlink:arcrole="http://www.xbrl.org/2003/arcrole/summation-item" xlink:from="loc_us-gaapAssets" xlink:to="loc_us-gaapPropertyPlantAndEquipmentNet" xlink:type="arc" weight="1" />
    <link:loc xlink:type="locator" xlink:href="https://xbrl.fasb.org/us-gaap/2022/elts/us-gaap-2022.xsd#us-gaap_Goodwill" xlink:label="loc_us-gaapGoodwill" />
    <link:calculationArc order="7" xlink:arcrole="http://www.xbrl.org/2003/arcrole/summation-item" xlink:from="loc_us-gaapAssets" xlink:to="loc_us-gaapGoodwill" xlink:type="arc" weight="1" />
    <link:loc xlink:type="locator" xlink:href="https://xbrl.fasb.org/us-gaap/2022/elts/us-gaap-2022.xsd#us-gaap_DepositAssets" xlink:label="loc_us-gaapDepositAssets" />
    <link:calculationArc order="8" xlink:arcrole="http://www.xbrl.org/2003/arcrole/summation-item" xlink:from="loc_us-gaapAssets" xlink:to="loc_us-gaapDepositAssets" xlink:type="arc" weight="1" />
    <link:loc xlink:type="locator" xlink:href="fssn-20211231.xsd#fssn_IntangibleAssetsNetOfAccumulatedAmortization" xlink:label="loc_fssnIntangibleAssetsNetOfAccumulatedAmortization" />
    <link:calculationArc order="9" xlink:arcrole="http://www.xbrl.org/2003/arcrole/summation-item" xlink:from="loc_us-gaapAssets" xlink:to="loc_fssnIntangibleAssetsNetOfAccumulatedAmortization" xlink:type="arc" weight="1" />
    <link:loc xlink:type="locator" xlink:href="https://xbrl.fasb.org/us-gaap/2022/elts/us-gaap-2022.xsd#us-gaap_LiabilitiesCurrent" xlink:label="loc_us-gaapLiabilitiesCurrent" />
    <link:loc xlink:type="locator" xlink:href="https://xbrl.fasb.org/us-gaap/2022/elts/us-gaap-2022.xsd#us-gaap_AccountsPayableAndAccruedLiabilitiesCurrent" xlink:label="loc_us-gaapAccountsPayableAndAccruedLiabilitiesCurrent" />
    <link:calculationArc order="10" xlink:arcrole="http://www.xbrl.org/2003/arcrole/summation-item" xlink:from="loc_us-gaapLiabilitiesCurrent" xlink:to="loc_us-gaapAccountsPayableAndAccruedLiabilitiesCurrent" xlink:type="arc" weight="1" />
    <link:loc xlink:type="locator" xlink:href="https://xbrl.fasb.org/us-gaap/2022/elts/us-gaap-2022.xsd#us-gaap_DerivativeLiabilitiesCurrent" xlink:label="loc_us-gaapDerivativeLiabilitiesCurrent" />
    <link:calculationArc order="11" xlink:arcrole="http://www.xbrl.org/2003/arcrole/summation-item" xlink:from="loc_us-gaapLiabilitiesCurrent" xlink:to="loc_us-gaapDerivativeLiabilitiesCurrent" xlink:type="arc" weight="1" />
    <link:loc xlink:type="locator" xlink:href="https://xbrl.fasb.org/us-gaap/2022/elts/us-gaap-2022.xsd#us-gaap_LongTermDebtCurrent" xlink:label="loc_us-gaapLongTermDebtCurrent" />
    <link:calculationArc order="12" xlink:arcrole="http://www.xbrl.org/2003/arcrole/summation-item" xlink:from="loc_us-gaapLiabilitiesCurrent" xlink:to="loc_us-gaapLongTermDebtCurrent" xlink:type="arc" weight="1" />
    <link:loc xlink:type="locator" xlink:href="https://xbrl.fasb.org/us-gaap/2022/elts/us-gaap-2022.xsd#us-gaap_ConvertibleNotesPayable" xlink:label="loc_us-gaapConvertibleNotesPayable" />
    <link:calculationArc order="13" xlink:arcrole="http://www.xbrl.org/2003/arcrole/summation-item" xlink:from="loc_us-gaapLiabilitiesCurrent" xlink:to="loc_us-gaapConvertibleNotesPayable" xlink:type="arc" weight="1" />
    <link:calculationArc order="14" xlink:arcrole="http://www.xbrl.org/2003/arcrole/summation-item" xlink:from="loc_us-gaapLiabilitiesCurrent" xlink:to="loc_us-gaapAssets" xlink:type="arc" weight="-1" />
    <link:loc xlink:type="locator" xlink:href="https://xbrl.fasb.org/us-gaap/2022/elts/us-gaap-2022.xsd#us-gaap_DebtCurrent" xlink:label="loc_us-gaapDebtCurrent" />
    <link:calculationArc order="15" xlink:arcrole="http://www.xbrl.org/2003/arcrole/summation-item" xlink:from="loc_us-gaapLiabilitiesCurrent" xlink:to="loc_us-gaapDebtCurrent" xlink:type="arc" weight="1" />
    <link:loc xlink:type="locator" xlink:href="https://xbrl.fasb.org/us-gaap/2022/elts/us-gaap-2022.xsd#us-gaap_LiabilitiesNoncurrent" xlink:label="loc_us-gaapLiabilitiesNoncurrent" />
    <link:loc xlink:type="locator" xlink:href="https://xbrl.fasb.org/us-gaap/2022/elts/us-gaap-2022.xsd#us-gaap_ConvertibleNotesPayableCurrent" xlink:label="loc_us-gaapConvertibleNotesPayableCurrent" />
    <link:calculationArc order="16" xlink:arcrole="http://www.xbrl.org/2003/arcrole/summation-item" xlink:from="loc_us-gaapLiabilitiesNoncurrent" xlink:to="loc_us-gaapConvertibleNotesPayableCurrent" xlink:type="arc" weight="1" />
    <link:loc xlink:type="locator" xlink:href="fssn-20211231.xsd#fssn_LongTermSbaPppLoan" xlink:label="loc_fssnLongTermSbaPppLoan" />
    <link:calculationArc order="17" xlink:arcrole="http://www.xbrl.org/2003/arcrole/summation-item" xlink:from="loc_us-gaapLiabilitiesNoncurrent" xlink:to="loc_fssnLongTermSbaPppLoan" xlink:type="arc" weight="1" />
    <link:loc xlink:type="locator" xlink:href="https://xbrl.fasb.org/us-gaap/2022/elts/us-gaap-2022.xsd#us-gaap_BusinessCombinationContingentConsiderationLiability" xlink:label="loc_us-gaapBusinessCombinationContingentConsiderationLiability" />
    <link:calculationArc order="18" xlink:arcrole="http://www.xbrl.org/2003/arcrole/summation-item" xlink:from="loc_us-gaapLiabilitiesNoncurrent" xlink:to="loc_us-gaapBusinessCombinationContingentConsiderationLiability" xlink:type="arc" weight="1" />
    <link:loc xlink:type="locator" xlink:href="https://xbrl.fasb.org/us-gaap/2022/elts/us-gaap-2022.xsd#us-gaap_ConvertibleLongTermNotesPayable" xlink:label="loc_us-gaapConvertibleLongTermNotesPayable" />
    <link:calculationArc order="19" xlink:arcrole="http://www.xbrl.org/2003/arcrole/summation-item" xlink:from="loc_us-gaapLiabilitiesNoncurrent" xlink:to="loc_us-gaapConvertibleLongTermNotesPayable" xlink:type="arc" weight="1" />
    <link:loc xlink:type="locator" xlink:href="https://xbrl.fasb.org/us-gaap/2022/elts/us-gaap-2022.xsd#us-gaap_ConvertibleDebtNoncurrent" xlink:label="loc_us-gaapConvertibleDebtNoncurrent" />
    <link:calculationArc order="20" xlink:arcrole="http://www.xbrl.org/2003/arcrole/summation-item" xlink:from="loc_us-gaapLiabilitiesNoncurrent" xlink:to="loc_us-gaapConvertibleDebtNoncurrent" xlink:type="arc" weight="1" />
    <link:loc xlink:type="locator" xlink:href="https://xbrl.fasb.org/us-gaap/2022/elts/us-gaap-2022.xsd#us-gaap_Liabilities" xlink:label="loc_us-gaapLiabilities" />
    <link:calculationArc order="21" xlink:arcrole="http://www.xbrl.org/2003/arcrole/summation-item" xlink:from="loc_us-gaapLiabilities" xlink:to="loc_us-gaapLiabilitiesCurrent" xlink:type="arc" weight="1" />
    <link:calculationArc order="22" xlink:arcrole="http://www.xbrl.org/2003/arcrole/summation-item" xlink:from="loc_us-gaapLiabilities" xlink:to="loc_us-gaapLiabilitiesNoncurrent" xlink:type="arc" weight="1" />
    <link:loc xlink:type="locator" xlink:href="https://xbrl.fasb.org/us-gaap/2022/elts/us-gaap-2022.xsd#us-gaap_StockholdersEquity" xlink:label="loc_us-gaapStockholdersEquity" />
    <link:loc xlink:type="locator" xlink:href="https://xbrl.fasb.org/us-gaap/2022/elts/us-gaap-2022.xsd#us-gaap_PreferredStockValue" xlink:label="loc_us-gaapPreferredStockValue" />
    <link:calculationArc order="23" xlink:arcrole="http://www.xbrl.org/2003/arcrole/summation-item" xlink:from="loc_us-gaapStockholdersEquity" xlink:to="loc_us-gaapPreferredStockValue" xlink:type="arc" weight="1" />
    <link:loc xlink:type="locator" xlink:href="https://xbrl.fasb.org/us-gaap/2022/elts/us-gaap-2022.xsd#us-gaap_CommonStockValue" xlink:label="loc_us-gaapCommonStockValue" />
    <link:calculationArc order="24" xlink:arcrole="http://www.xbrl.org/2003/arcrole/summation-item" xlink:from="loc_us-gaapStockholdersEquity" xlink:to="loc_us-gaapCommonStockValue" xlink:type="arc" weight="1" />
    <link:loc xlink:type="locator" xlink:href="https://xbrl.fasb.org/us-gaap/2022/elts/us-gaap-2022.xsd#us-gaap_AdditionalPaidInCapital" xlink:label="loc_us-gaapAdditionalPaidInCapital" />
    <link:calculationArc order="25" xlink:arcrole="http://www.xbrl.org/2003/arcrole/summation-item" xlink:from="loc_us-gaapStockholdersEquity" xlink:to="loc_us-gaapAdditionalPaidInCapital" xlink:type="arc" weight="1" />
    <link:loc xlink:type="locator" xlink:href="https://xbrl.fasb.org/us-gaap/2022/elts/us-gaap-2022.xsd#us-gaap_RetainedEarningsAccumulatedDeficit" xlink:label="loc_us-gaapRetainedEarningsAccumulatedDeficit" />
    <link:calculationArc order="26" xlink:arcrole="http://www.xbrl.org/2003/arcrole/summation-item" xlink:from="loc_us-gaapStockholdersEquity" xlink:to="loc_us-gaapRetainedEarningsAccumulatedDeficit" xlink:type="arc" weight="1" />
    <link:loc xlink:type="locator" xlink:href="https://xbrl.fasb.org/us-gaap/2022/elts/us-gaap-2022.xsd#us-gaap_LiabilitiesAndStockholdersEquity" xlink:label="loc_us-gaapLiabilitiesAndStockholdersEquity" />
    <link:calculationArc order="27" xlink:arcrole="http://www.xbrl.org/2003/arcrole/summation-item" xlink:from="loc_us-gaapLiabilitiesAndStockholdersEquity" xlink:to="loc_us-gaapLiabilities" xlink:type="arc" weight="1" />
    <link:calculationArc order="28" xlink:arcrole="http://www.xbrl.org/2003/arcrole/summation-item" xlink:from="loc_us-gaapLiabilitiesAndStockholdersEquity" xlink:to="loc_us-gaapStockholdersEquity" xlink:type="arc" weight="1" />
  </link:calculationLink>
  <link:calculationLink xlink:type="extended" xlink:role="http://fision.com/role/ConsolidatedBalanceSheetParenthetical" xlink:title="000003 - Statement - CONSOLIDATED BALANCE SHEET (Parenthetical)" />
  <link:calculationLink xlink:type="extended" xlink:role="http://fision.com/role/ConsolidatedStatementsOfOperations" xlink:title="000004 - Statement - CONSOLIDATED STATEMENTS OF OPERATIONS">
    <link:loc xlink:type="locator" xlink:href="https://xbrl.fasb.org/us-gaap/2022/elts/us-gaap-2022.xsd#us-gaap_GrossProfit" xlink:label="loc_us-gaapGrossProfit" />
    <link:loc xlink:type="locator" xlink:href="https://xbrl.fasb.org/us-gaap/2022/elts/us-gaap-2022.xsd#us-gaap_Revenues" xlink:label="loc_us-gaapRevenues" />
    <link:calculationArc order="2" xlink:arcrole="http://www.xbrl.org/2003/arcrole/summation-item" xlink:from="loc_us-gaapGrossProfit" xlink:to="loc_us-gaapRevenues" xlink:type="arc" weight="1" />
    <link:loc xlink:type="locator" xlink:href="https://xbrl.fasb.org/us-gaap/2022/elts/us-gaap-2022.xsd#us-gaap_CostOfRevenue" xlink:label="loc_us-gaapCostOfRevenue" />
    <link:calculationArc order="3" xlink:arcrole="http://www.xbrl.org/2003/arcrole/summation-item" xlink:from="loc_us-gaapGrossProfit" xlink:to="loc_us-gaapCostOfRevenue" xlink:type="arc" weight="-1" />
    <link:loc xlink:type="locator" xlink:href="https://xbrl.fasb.org/us-gaap/2022/elts/us-gaap-2022.xsd#us-gaap_OperatingExpenses" xlink:label="loc_us-gaapOperatingExpenses" />
    <link:loc xlink:type="locator" xlink:href="https://xbrl.fasb.org/us-gaap/2022/elts/us-gaap-2022.xsd#us-gaap_SellingAndMarketingExpense" xlink:label="loc_us-gaapSellingAndMarketingExpense" />
    <link:calculationArc order="4" xlink:arcrole="http://www.xbrl.org/2003/arcrole/summation-item" xlink:from="loc_us-gaapOperatingExpenses" xlink:to="loc_us-gaapSellingAndMarketingExpense" xlink:type="arc" weight="1" />
    <link:loc xlink:type="locator" xlink:href="https://xbrl.fasb.org/us-gaap/2022/elts/us-gaap-2022.xsd#us-gaap_ResearchAndDevelopmentExpense" xlink:label="loc_us-gaapResearchAndDevelopmentExpense" />
    <link:calculationArc order="5" xlink:arcrole="http://www.xbrl.org/2003/arcrole/summation-item" xlink:from="loc_us-gaapOperatingExpenses" xlink:to="loc_us-gaapResearchAndDevelopmentExpense" xlink:type="arc" weight="1" />
    <link:loc xlink:type="locator" xlink:href="https://xbrl.fasb.org/us-gaap/2022/elts/us-gaap-2022.xsd#us-gaap_GeneralAndAdministrativeExpense" xlink:label="loc_us-gaapGeneralAndAdministrativeExpense" />
    <link:calculationArc order="6" xlink:arcrole="http://www.xbrl.org/2003/arcrole/summation-item" xlink:from="loc_us-gaapOperatingExpenses" xlink:to="loc_us-gaapGeneralAndAdministrativeExpense" xlink:type="arc" weight="1" />
    <link:loc xlink:type="locator" xlink:href="https://xbrl.fasb.org/us-gaap/2022/elts/us-gaap-2022.xsd#us-gaap_OperatingIncomeLoss" xlink:label="loc_us-gaapOperatingIncomeLoss" />
    <link:calculationArc order="7" xlink:arcrole="http://www.xbrl.org/2003/arcrole/summation-item" xlink:from="loc_us-gaapOperatingIncomeLoss" xlink:to="loc_us-gaapGrossProfit" xlink:type="arc" weight="1" />
    <link:calculationArc order="8" xlink:arcrole="http://www.xbrl.org/2003/arcrole/summation-item" xlink:from="loc_us-gaapOperatingIncomeLoss" xlink:to="loc_us-gaapOperatingExpenses" xlink:type="arc" weight="-1" />
    <link:loc xlink:type="locator" xlink:href="https://xbrl.fasb.org/us-gaap/2022/elts/us-gaap-2022.xsd#us-gaap_OtherNonoperatingIncomeExpense" xlink:label="loc_us-gaapOtherNonoperatingIncomeExpense" />
    <link:loc xlink:type="locator" xlink:href="https://xbrl.fasb.org/us-gaap/2022/elts/us-gaap-2022.xsd#us-gaap_InterestExpense" xlink:label="loc_us-gaapInterestExpense" />
    <link:calculationArc order="9" xlink:arcrole="http://www.xbrl.org/2003/arcrole/summation-item" xlink:from="loc_us-gaapOtherNonoperatingIncomeExpense" xlink:to="loc_us-gaapInterestExpense" xlink:type="arc" weight="-1" />
    <link:loc xlink:type="locator" xlink:href="https://xbrl.fasb.org/us-gaap/2022/elts/us-gaap-2022.xsd#us-gaap_OtherExpenses" xlink:label="loc_us-gaapOtherExpenses" />
    <link:calculationArc order="10" xlink:arcrole="http://www.xbrl.org/2003/arcrole/summation-item" xlink:from="loc_us-gaapOtherNonoperatingIncomeExpense" xlink:to="loc_us-gaapOtherExpenses" xlink:type="arc" weight="-1" />
    <link:loc xlink:type="locator" xlink:href="https://xbrl.fasb.org/us-gaap/2022/elts/us-gaap-2022.xsd#us-gaap_GainsLossesOnExtinguishmentOfDebt" xlink:label="loc_us-gaapGainsLossesOnExtinguishmentOfDebt" />
    <link:calculationArc order="11" xlink:arcrole="http://www.xbrl.org/2003/arcrole/summation-item" xlink:from="loc_us-gaapOtherNonoperatingIncomeExpense" xlink:to="loc_us-gaapGainsLossesOnExtinguishmentOfDebt" xlink:type="arc" weight="1" />
    <link:loc xlink:type="locator" xlink:href="https://xbrl.fasb.org/us-gaap/2022/elts/us-gaap-2022.xsd#us-gaap_IncreaseDecreaseInDerivativeLiabilities" xlink:label="loc_us-gaapIncreaseDecreaseInDerivativeLiabilities" />
    <link:calculationArc order="12" xlink:arcrole="http://www.xbrl.org/2003/arcrole/summation-item" xlink:from="loc_us-gaapOtherNonoperatingIncomeExpense" xlink:to="loc_us-gaapIncreaseDecreaseInDerivativeLiabilities" xlink:type="arc" weight="-1" />
    <link:loc xlink:type="locator" xlink:href="fssn-20211231.xsd#fssn_GainLossOnSettlementOfNoteReceivable" xlink:label="loc_fssnGainLossOnSettlementOfNoteReceivable" />
    <link:calculationArc order="13" xlink:arcrole="http://www.xbrl.org/2003/arcrole/summation-item" xlink:from="loc_us-gaapOtherNonoperatingIncomeExpense" xlink:to="loc_fssnGainLossOnSettlementOfNoteReceivable" xlink:type="arc" weight="1" />
    <link:loc xlink:type="locator" xlink:href="fssn-20211231.xsd#fssn_OtherIncomeSbaPppLoanForgiveness" xlink:label="loc_fssnOtherIncomeSbaPppLoanForgiveness" />
    <link:calculationArc order="14" xlink:arcrole="http://www.xbrl.org/2003/arcrole/summation-item" xlink:from="loc_us-gaapOtherNonoperatingIncomeExpense" xlink:to="loc_fssnOtherIncomeSbaPppLoanForgiveness" xlink:type="arc" weight="1" />
    <link:loc xlink:type="locator" xlink:href="https://xbrl.fasb.org/us-gaap/2022/elts/us-gaap-2022.xsd#us-gaap_OtherIncome" xlink:label="loc_us-gaapOtherIncome" />
    <link:calculationArc order="15" xlink:arcrole="http://www.xbrl.org/2003/arcrole/summation-item" xlink:from="loc_us-gaapOtherNonoperatingIncomeExpense" xlink:to="loc_us-gaapOtherIncome" xlink:type="arc" weight="1" />
    <link:loc xlink:type="locator" xlink:href="https://xbrl.fasb.org/us-gaap/2022/elts/us-gaap-2022.xsd#us-gaap_GainLossOnForeignCurrencyFairValueHedgeDerivatives" xlink:label="loc_us-gaapGainLossOnForeignCurrencyFairValueHedgeDerivatives" />
    <link:calculationArc order="16" xlink:arcrole="http://www.xbrl.org/2003/arcrole/summation-item" xlink:from="loc_us-gaapOtherNonoperatingIncomeExpense" xlink:to="loc_us-gaapGainLossOnForeignCurrencyFairValueHedgeDerivatives" xlink:type="arc" weight="1" />
    <link:loc xlink:type="locator" xlink:href="fssn-20211231.xsd#fssn_AmortizationOfDebtsDiscountPremium" xlink:label="loc_fssnAmortizationOfDebtsDiscountPremium" />
    <link:calculationArc order="17" xlink:arcrole="http://www.xbrl.org/2003/arcrole/summation-item" xlink:from="loc_us-gaapOtherNonoperatingIncomeExpense" xlink:to="loc_fssnAmortizationOfDebtsDiscountPremium" xlink:type="arc" weight="-1" />
    <link:loc xlink:type="locator" xlink:href="https://xbrl.fasb.org/us-gaap/2022/elts/us-gaap-2022.xsd#us-gaap_NetIncomeLoss" xlink:label="loc_us-gaapNetIncomeLoss" />
    <link:calculationArc order="18" xlink:arcrole="http://www.xbrl.org/2003/arcrole/summation-item" xlink:from="loc_us-gaapNetIncomeLoss" xlink:to="loc_us-gaapOperatingIncomeLoss" xlink:type="arc" weight="1" />
    <link:calculationArc order="19" xlink:arcrole="http://www.xbrl.org/2003/arcrole/summation-item" xlink:from="loc_us-gaapNetIncomeLoss" xlink:to="loc_us-gaapOtherNonoperatingIncomeExpense" xlink:type="arc" weight="1" />
  </link:calculationLink>
  <link:calculationLink xlink:type="extended" xlink:role="http://fision.com/role/ConsolidatedStatementsOfStockholdersDeficit" xlink:title="000005 - Statement - CONSOLIDATED STATEMENTS OF STOCKHOLDERS DEFICIT" />
  <link:calculationLink xlink:type="extended" xlink:role="http://fision.com/role/ConsolidatedStatementsOfCashFlows" xlink:title="000006 - Statement - CONSOLIDATED STATEMENTS OF CASH FLOWS">
    <link:loc xlink:type="locator" xlink:href="https://xbrl.fasb.org/us-gaap/2022/elts/us-gaap-2022.xsd#us-gaap_NetCashProvidedByUsedInOperatingActivities" xlink:label="loc_us-gaapNetCashProvidedByUsedInOperatingActivities" />
    <link:loc xlink:type="locator" xlink:href="https://xbrl.fasb.org/us-gaap/2022/elts/us-gaap-2022.xsd#us-gaap_NetIncomeLoss" xlink:label="loc_us-gaapNetIncomeLoss" />
    <link:calculationArc order="2" xlink:arcrole="http://www.xbrl.org/2003/arcrole/summation-item" xlink:from="loc_us-gaapNetCashProvidedByUsedInOperatingActivities" xlink:to="loc_us-gaapNetIncomeLoss" xlink:type="arc" weight="-1" />
    <link:loc xlink:type="locator" xlink:href="fssn-20211231.xsd#fssn_CommonStockIssuedForServices" xlink:label="loc_fssnCommonStockIssuedForServices" />
    <link:calculationArc order="3" xlink:arcrole="http://www.xbrl.org/2003/arcrole/summation-item" xlink:from="loc_us-gaapNetCashProvidedByUsedInOperatingActivities" xlink:to="loc_fssnCommonStockIssuedForServices" xlink:type="arc" weight="1" />
    <link:loc xlink:type="locator" xlink:href="https://xbrl.fasb.org/us-gaap/2022/elts/us-gaap-2022.xsd#us-gaap_StockGrantedDuringPeriodValueSharebasedCompensationGross" xlink:label="loc_us-gaapStockGrantedDuringPeriodValueSharebasedCompensationGross" />
    <link:calculationArc order="4" xlink:arcrole="http://www.xbrl.org/2003/arcrole/summation-item" xlink:from="loc_us-gaapNetCashProvidedByUsedInOperatingActivities" xlink:to="loc_us-gaapStockGrantedDuringPeriodValueSharebasedCompensationGross" xlink:type="arc" weight="-1" />
    <link:loc xlink:type="locator" xlink:href="https://xbrl.fasb.org/us-gaap/2022/elts/us-gaap-2022.xsd#us-gaap_DepreciationAndAmortization" xlink:label="loc_us-gaapDepreciationAndAmortization" />
    <link:calculationArc order="5" xlink:arcrole="http://www.xbrl.org/2003/arcrole/summation-item" xlink:from="loc_us-gaapNetCashProvidedByUsedInOperatingActivities" xlink:to="loc_us-gaapDepreciationAndAmortization" xlink:type="arc" weight="1" />
    <link:loc xlink:type="locator" xlink:href="fssn-20211231.xsd#fssn_TrueUpAndPenaltySharesIssued" xlink:label="loc_fssnTrueUpAndPenaltySharesIssued" />
    <link:calculationArc order="6" xlink:arcrole="http://www.xbrl.org/2003/arcrole/summation-item" xlink:from="loc_us-gaapNetCashProvidedByUsedInOperatingActivities" xlink:to="loc_fssnTrueUpAndPenaltySharesIssued" xlink:type="arc" weight="-1" />
    <link:loc xlink:type="locator" xlink:href="fssn-20211231.xsd#fssn_StockWarrantsStockOptionsIssuedForServices" xlink:label="loc_fssnStockWarrantsStockOptionsIssuedForServices" />
    <link:calculationArc order="7" xlink:arcrole="http://www.xbrl.org/2003/arcrole/summation-item" xlink:from="loc_us-gaapNetCashProvidedByUsedInOperatingActivities" xlink:to="loc_fssnStockWarrantsStockOptionsIssuedForServices" xlink:type="arc" weight="-1" />
    <link:loc xlink:type="locator" xlink:href="https://xbrl.fasb.org/us-gaap/2022/elts/us-gaap-2022.xsd#us-gaap_GainLossOnDerivativeInstrumentsNetPretax" xlink:label="loc_us-gaapGainLossOnDerivativeInstrumentsNetPretax" />
    <link:calculationArc order="8" xlink:arcrole="http://www.xbrl.org/2003/arcrole/summation-item" xlink:from="loc_us-gaapNetCashProvidedByUsedInOperatingActivities" xlink:to="loc_us-gaapGainLossOnDerivativeInstrumentsNetPretax" xlink:type="arc" weight="-1" />
    <link:loc xlink:type="locator" xlink:href="fssn-20211231.xsd#fssn_LossGainOnExtinguishmentOfDebtGainOnSettlementOfDebt" xlink:label="loc_fssnLossGainOnExtinguishmentOfDebtGainOnSettlementOfDebt" />
    <link:calculationArc order="9" xlink:arcrole="http://www.xbrl.org/2003/arcrole/summation-item" xlink:from="loc_us-gaapNetCashProvidedByUsedInOperatingActivities" xlink:to="loc_fssnLossGainOnExtinguishmentOfDebtGainOnSettlementOfDebt" xlink:type="arc" weight="-1" />
    <link:loc xlink:type="locator" xlink:href="https://xbrl.fasb.org/us-gaap/2022/elts/us-gaap-2022.xsd#us-gaap_LossContingencyDamagesPaidValue" xlink:label="loc_us-gaapLossContingencyDamagesPaidValue" />
    <link:calculationArc order="10" xlink:arcrole="http://www.xbrl.org/2003/arcrole/summation-item" xlink:from="loc_us-gaapNetCashProvidedByUsedInOperatingActivities" xlink:to="loc_us-gaapLossContingencyDamagesPaidValue" xlink:type="arc" weight="-1" />
    <link:loc xlink:type="locator" xlink:href="fssn-20211231.xsd#fssn_LoanForgivenessSbaPppLoan" xlink:label="loc_fssnLoanForgivenessSbaPppLoan" />
    <link:calculationArc order="11" xlink:arcrole="http://www.xbrl.org/2003/arcrole/summation-item" xlink:from="loc_us-gaapNetCashProvidedByUsedInOperatingActivities" xlink:to="loc_fssnLoanForgivenessSbaPppLoan" xlink:type="arc" weight="-1" />
    <link:loc xlink:type="locator" xlink:href="https://xbrl.fasb.org/us-gaap/2022/elts/us-gaap-2022.xsd#us-gaap_OtherAssetImpairmentCharges" xlink:label="loc_us-gaapOtherAssetImpairmentCharges" />
    <link:calculationArc order="12" xlink:arcrole="http://www.xbrl.org/2003/arcrole/summation-item" xlink:from="loc_us-gaapNetCashProvidedByUsedInOperatingActivities" xlink:to="loc_us-gaapOtherAssetImpairmentCharges" xlink:type="arc" weight="1" />
    <link:loc xlink:type="locator" xlink:href="fssn-20211231.xsd#fssn_BadDebtExpense" xlink:label="loc_fssnBadDebtExpense" />
    <link:calculationArc order="13" xlink:arcrole="http://www.xbrl.org/2003/arcrole/summation-item" xlink:from="loc_us-gaapNetCashProvidedByUsedInOperatingActivities" xlink:to="loc_fssnBadDebtExpense" xlink:type="arc" weight="-1" />
    <link:loc xlink:type="locator" xlink:href="https://xbrl.fasb.org/us-gaap/2022/elts/us-gaap-2022.xsd#us-gaap_GainLossOnSaleOfNotesReceivable" xlink:label="loc_us-gaapGainLossOnSaleOfNotesReceivable" />
    <link:calculationArc order="14" xlink:arcrole="http://www.xbrl.org/2003/arcrole/summation-item" xlink:from="loc_us-gaapNetCashProvidedByUsedInOperatingActivities" xlink:to="loc_us-gaapGainLossOnSaleOfNotesReceivable" xlink:type="arc" weight="-1" />
    <link:loc xlink:type="locator" xlink:href="https://xbrl.fasb.org/us-gaap/2022/elts/us-gaap-2022.xsd#us-gaap_AmortizationOfFinancingCostsAndDiscounts" xlink:label="loc_us-gaapAmortizationOfFinancingCostsAndDiscounts" />
    <link:calculationArc order="15" xlink:arcrole="http://www.xbrl.org/2003/arcrole/summation-item" xlink:from="loc_us-gaapNetCashProvidedByUsedInOperatingActivities" xlink:to="loc_us-gaapAmortizationOfFinancingCostsAndDiscounts" xlink:type="arc" weight="1" />
    <link:loc xlink:type="locator" xlink:href="https://xbrl.fasb.org/us-gaap/2022/elts/us-gaap-2022.xsd#us-gaap_IncreaseDecreaseInAccountsReceivable" xlink:label="loc_us-gaapIncreaseDecreaseInAccountsReceivable" />
    <link:calculationArc order="16" xlink:arcrole="http://www.xbrl.org/2003/arcrole/summation-item" xlink:from="loc_us-gaapNetCashProvidedByUsedInOperatingActivities" xlink:to="loc_us-gaapIncreaseDecreaseInAccountsReceivable" xlink:type="arc" weight="-1" />
    <link:loc xlink:type="locator" xlink:href="https://xbrl.fasb.org/us-gaap/2022/elts/us-gaap-2022.xsd#us-gaap_DebtInstrumentIncreaseAccruedInterest" xlink:label="loc_us-gaapDebtInstrumentIncreaseAccruedInterest" />
    <link:calculationArc order="17" xlink:arcrole="http://www.xbrl.org/2003/arcrole/summation-item" xlink:from="loc_us-gaapNetCashProvidedByUsedInOperatingActivities" xlink:to="loc_us-gaapDebtInstrumentIncreaseAccruedInterest" xlink:type="arc" weight="-1" />
    <link:loc xlink:type="locator" xlink:href="https://xbrl.fasb.org/us-gaap/2022/elts/us-gaap-2022.xsd#us-gaap_IncreaseDecreaseInOtherCurrentAssets" xlink:label="loc_us-gaapIncreaseDecreaseInOtherCurrentAssets" />
    <link:calculationArc order="18" xlink:arcrole="http://www.xbrl.org/2003/arcrole/summation-item" xlink:from="loc_us-gaapNetCashProvidedByUsedInOperatingActivities" xlink:to="loc_us-gaapIncreaseDecreaseInOtherCurrentAssets" xlink:type="arc" weight="-1" />
    <link:loc xlink:type="locator" xlink:href="https://xbrl.fasb.org/us-gaap/2022/elts/us-gaap-2022.xsd#us-gaap_IncreaseDecreaseInAccountsPayableAndAccruedLiabilities" xlink:label="loc_us-gaapIncreaseDecreaseInAccountsPayableAndAccruedLiabilities" />
    <link:calculationArc order="19" xlink:arcrole="http://www.xbrl.org/2003/arcrole/summation-item" xlink:from="loc_us-gaapNetCashProvidedByUsedInOperatingActivities" xlink:to="loc_us-gaapIncreaseDecreaseInAccountsPayableAndAccruedLiabilities" xlink:type="arc" weight="1" />
    <link:loc xlink:type="locator" xlink:href="fssn-20211231.xsd#fssn_IncreaseDecreaseInDeposit" xlink:label="loc_fssnIncreaseDecreaseInDeposit" />
    <link:calculationArc order="20" xlink:arcrole="http://www.xbrl.org/2003/arcrole/summation-item" xlink:from="loc_us-gaapNetCashProvidedByUsedInOperatingActivities" xlink:to="loc_fssnIncreaseDecreaseInDeposit" xlink:type="arc" weight="1" />
    <link:loc xlink:type="locator" xlink:href="https://xbrl.fasb.org/us-gaap/2022/elts/us-gaap-2022.xsd#us-gaap_NetCashProvidedByUsedInInvestingActivities" xlink:label="loc_us-gaapNetCashProvidedByUsedInInvestingActivities" />
    <link:loc xlink:type="locator" xlink:href="https://xbrl.fasb.org/us-gaap/2022/elts/us-gaap-2022.xsd#us-gaap_PaymentsForConstructionInProcess" xlink:label="loc_us-gaapPaymentsForConstructionInProcess" />
    <link:calculationArc order="21" xlink:arcrole="http://www.xbrl.org/2003/arcrole/summation-item" xlink:from="loc_us-gaapNetCashProvidedByUsedInInvestingActivities" xlink:to="loc_us-gaapPaymentsForConstructionInProcess" xlink:type="arc" weight="-1" />
    <link:loc xlink:type="locator" xlink:href="fssn-20211231.xsd#fssn_CollectionsOnNotesReceivable" xlink:label="loc_fssnCollectionsOnNotesReceivable" />
    <link:calculationArc order="22" xlink:arcrole="http://www.xbrl.org/2003/arcrole/summation-item" xlink:from="loc_us-gaapNetCashProvidedByUsedInInvestingActivities" xlink:to="loc_fssnCollectionsOnNotesReceivable" xlink:type="arc" weight="1" />
    <link:loc xlink:type="locator" xlink:href="https://xbrl.fasb.org/us-gaap/2022/elts/us-gaap-2022.xsd#us-gaap_NetCashProvidedByUsedInFinancingActivities" xlink:label="loc_us-gaapNetCashProvidedByUsedInFinancingActivities" />
    <link:loc xlink:type="locator" xlink:href="https://xbrl.fasb.org/us-gaap/2022/elts/us-gaap-2022.xsd#us-gaap_RepaymentsOfNotesPayable" xlink:label="loc_us-gaapRepaymentsOfNotesPayable" />
    <link:calculationArc order="23" xlink:arcrole="http://www.xbrl.org/2003/arcrole/summation-item" xlink:from="loc_us-gaapNetCashProvidedByUsedInFinancingActivities" xlink:to="loc_us-gaapRepaymentsOfNotesPayable" xlink:type="arc" weight="-1" />
    <link:loc xlink:type="locator" xlink:href="https://xbrl.fasb.org/us-gaap/2022/elts/us-gaap-2022.xsd#us-gaap_ProceedsFromNotesPayable" xlink:label="loc_us-gaapProceedsFromNotesPayable" />
    <link:calculationArc order="24" xlink:arcrole="http://www.xbrl.org/2003/arcrole/summation-item" xlink:from="loc_us-gaapNetCashProvidedByUsedInFinancingActivities" xlink:to="loc_us-gaapProceedsFromNotesPayable" xlink:type="arc" weight="1" />
    <link:loc xlink:type="locator" xlink:href="https://xbrl.fasb.org/us-gaap/2022/elts/us-gaap-2022.xsd#us-gaap_RepaymentsOfLinesOfCredit" xlink:label="loc_us-gaapRepaymentsOfLinesOfCredit" />
    <link:calculationArc order="25" xlink:arcrole="http://www.xbrl.org/2003/arcrole/summation-item" xlink:from="loc_us-gaapNetCashProvidedByUsedInFinancingActivities" xlink:to="loc_us-gaapRepaymentsOfLinesOfCredit" xlink:type="arc" weight="-1" />
    <link:loc xlink:type="locator" xlink:href="https://xbrl.fasb.org/us-gaap/2022/elts/us-gaap-2022.xsd#us-gaap_ProceedsFromIssuanceOfCommonStock" xlink:label="loc_us-gaapProceedsFromIssuanceOfCommonStock" />
    <link:calculationArc order="26" xlink:arcrole="http://www.xbrl.org/2003/arcrole/summation-item" xlink:from="loc_us-gaapNetCashProvidedByUsedInFinancingActivities" xlink:to="loc_us-gaapProceedsFromIssuanceOfCommonStock" xlink:type="arc" weight="1" />
    <link:loc xlink:type="locator" xlink:href="fssn-20211231.xsd#fssn_ProceedsFromSbaPppLoan" xlink:label="loc_fssnProceedsFromSbaPppLoan" />
    <link:calculationArc order="27" xlink:arcrole="http://www.xbrl.org/2003/arcrole/summation-item" xlink:from="loc_us-gaapNetCashProvidedByUsedInFinancingActivities" xlink:to="loc_fssnProceedsFromSbaPppLoan" xlink:type="arc" weight="-1" />
    <link:loc xlink:type="locator" xlink:href="fssn-20211231.xsd#fssn_CashCashEquivalentsRestrictedCashAndRestrictedCashEquivalentPeriodIncreaseDecreaseExcludingExchangeRateEffect" xlink:label="loc_fssnCashCashEquivalentsRestrictedCashAndRestrictedCashEquivalentPeriodIncreaseDecreaseExcludingExchangeRateEffect" />
    <link:calculationArc order="28" xlink:arcrole="http://www.xbrl.org/2003/arcrole/summation-item" xlink:from="loc_fssnCashCashEquivalentsRestrictedCashAndRestrictedCashEquivalentPeriodIncreaseDecreaseExcludingExchangeRateEffect" xlink:to="loc_us-gaapNetCashProvidedByUsedInOperatingActivities" xlink:type="arc" weight="1" />
    <link:calculationArc order="29" xlink:arcrole="http://www.xbrl.org/2003/arcrole/summation-item" xlink:from="loc_fssnCashCashEquivalentsRestrictedCashAndRestrictedCashEquivalentPeriodIncreaseDecreaseExcludingExchangeRateEffect" xlink:to="loc_us-gaapNetCashProvidedByUsedInInvestingActivities" xlink:type="arc" weight="1" />
    <link:calculationArc order="30" xlink:arcrole="http://www.xbrl.org/2003/arcrole/summation-item" xlink:from="loc_fssnCashCashEquivalentsRestrictedCashAndRestrictedCashEquivalentPeriodIncreaseDecreaseExcludingExchangeRateEffect" xlink:to="loc_us-gaapNetCashProvidedByUsedInFinancingActivities" xlink:type="arc" weight="1" />
  </link:calculationLink>
  <link:calculationLink xlink:type="extended" xlink:role="http://fision.com/role/OrganizationAndSignificantAccountingPolicies" xlink:title="000007 - Disclosure - ORGANIZATION AND SIGNIFICANT ACCOUNTING POLICIES" />
  <link:calculationLink xlink:type="extended" xlink:role="http://fision.com/role/GoingConcern" xlink:title="000008 - Disclosure - GOING CONCERN" />
  <link:calculationLink xlink:type="extended" xlink:role="http://fision.com/role/FairValue" xlink:title="000009 - Disclosure - FAIR VALUE" />
  <link:calculationLink xlink:type="extended" xlink:role="http://fision.com/role/AccountsReceivable" xlink:title="000010 - Disclosure - ACCOUNTS RECEIVABLE" />
  <link:calculationLink xlink:type="extended" xlink:role="http://fision.com/role/NotesReceivable" xlink:title="000011 - Disclosure - NOTES RECEIVABLE" />
  <link:calculationLink xlink:type="extended" xlink:role="http://fision.com/role/PropertyAndEquipment" xlink:title="000012 - Disclosure - PROPERTY AND EQUIPMENT" />
  <link:calculationLink xlink:type="extended" xlink:role="http://fision.com/role/IntangibleAssetsAndGoodwill" xlink:title="000013 - Disclosure - INTANGIBLE ASSETS AND GOODWILL" />
  <link:calculationLink xlink:type="extended" xlink:role="http://fision.com/role/NotesPayable" xlink:title="000014 - Disclosure - NOTES PAYABLE" />
  <link:calculationLink xlink:type="extended" xlink:role="http://fision.com/role/StockholdersDeficit" xlink:title="000015 - Disclosure - STOCKHOLDERS DEFICIT" />
  <link:calculationLink xlink:type="extended" xlink:role="http://fision.com/role/RelatedPartyTransactions" xlink:title="000016 - Disclosure - RELATED PARTY TRANSACTIONS" />
  <link:calculationLink xlink:type="extended" xlink:role="http://fision.com/role/ACQUISITIONS" xlink:title="000017 - Disclosure - ACQUISITIONS" />
  <link:calculationLink xlink:type="extended" xlink:role="http://fision.com/role/CommitmentsContingencies" xlink:title="000018 - Disclosure - COMMITMENTS CONTINGENCIES" />
  <link:calculationLink xlink:type="extended" xlink:role="http://fision.com/role/LEASES" xlink:title="000019 - Disclosure - LEASES" />
  <link:calculationLink xlink:type="extended" xlink:role="http://fision.com/role/IncomeTaxes" xlink:title="000020 - Disclosure - INCOME TAXES" />
  <link:calculationLink xlink:type="extended" xlink:role="http://fision.com/role/WARRANTS" xlink:title="000021 - Disclosure - WARRANTS" />
  <link:calculationLink xlink:type="extended" xlink:role="http://fision.com/role/CONCENTRATIONS" xlink:title="000022 - Disclosure - CONCENTRATIONS" />
  <link:calculationLink xlink:type="extended" xlink:role="http://fision.com/role/Covid19LoanAndLoanForgiveness" xlink:title="000023 - Disclosure - COVID-19 LOAN and LOAN FORGIVENESS" />
  <link:calculationLink xlink:type="extended" xlink:role="http://fision.com/role/SubsequentEvents" xlink:title="000024 - Disclosure - SUBSEQUENT EVENTS" />
  <link:calculationLink xlink:type="extended" xlink:role="http://fision.com/role/OrganizationAndSignificantAccountingPoliciesPolicies" xlink:title="000025 - Disclosure - ORGANIZATION AND SIGNIFICANT ACCOUNTING POLICIES (Policies)" />
  <link:calculationLink xlink:type="extended" xlink:role="http://fision.com/role/OrganizationAndSignificantAccountingPoliciesTables" xlink:title="000026 - Disclosure - ORGANIZATION AND SIGNIFICANT ACCOUNTING POLICIES (Tables)" />
  <link:calculationLink xlink:type="extended" xlink:role="http://fision.com/role/FairValueTables" xlink:title="000027 - Disclosure - FAIR VALUE (Tables)" />
  <link:calculationLink xlink:type="extended" xlink:role="http://fision.com/role/AccountsReceivableTables" xlink:title="000028 - Disclosure - ACCOUNTS RECEIVABLE (Tables)" />
  <link:calculationLink xlink:type="extended" xlink:role="http://fision.com/role/NotesReceivableTables" xlink:title="000029 - Disclosure - NOTES RECEIVABLE (Tables)" />
  <link:calculationLink xlink:type="extended" xlink:role="http://fision.com/role/PropertyAndEquipmentTables" xlink:title="000030 - Disclosure - PROPERTY AND EQUIPMENT (Tables)" />
  <link:calculationLink xlink:type="extended" xlink:role="http://fision.com/role/IntangibleAssetsAndGoodwillTables" xlink:title="000031 - Disclosure - INTANGIBLE ASSETS AND GOODWILL (Tables)" />
  <link:calculationLink xlink:type="extended" xlink:role="http://fision.com/role/AcquisitionsTables" xlink:title="000032 - Disclosure - ACQUISITIONS (Tables)" />
  <link:calculationLink xlink:type="extended" xlink:role="http://fision.com/role/IncomeTaxesTables" xlink:title="000033 - Disclosure - INCOME TAXES (Tables)" />
  <link:calculationLink xlink:type="extended" xlink:role="http://fision.com/role/WarrantsTables" xlink:title="000034 - Disclosure - WARRANTS (Tables)" />
  <link:calculationLink xlink:type="extended" xlink:role="http://fision.com/role/OrganizationAndSignificantAccountingPoliciesDetails" xlink:title="000035 - Disclosure - ORGANIZATION AND SIGNIFICANT ACCOUNTING POLICIES (Details)" />
  <link:calculationLink xlink:type="extended" xlink:role="http://fision.com/role/OrganizationAndSignificantAccountingPoliciesDetails1" xlink:title="000036 - Disclosure - ORGANIZATION AND SIGNIFICANT ACCOUNTING POLICIES (Details 1)" />
  <link:calculationLink xlink:type="extended" xlink:role="http://fision.com/role/OrganizationAndSignificantAccountingPoliciesDetails2" xlink:title="000037 - Disclosure - ORGANIZATION AND SIGNIFICANT ACCOUNTING POLICIES (Details 2)" />
  <link:calculationLink xlink:type="extended" xlink:role="http://fision.com/role/OrganizationAndSignificantAccountingPoliciesDetailsNarrative" xlink:title="000038 - Disclosure - ORGANIZATION AND SIGNIFICANT ACCOUNTING POLICIES (Details Narrative)" />
  <link:calculationLink xlink:type="extended" xlink:role="http://fision.com/role/GoingConcernDetailsNarrative" xlink:title="000039 - Disclosure - GOING CONCERN (Details Narrative)" />
  <link:calculationLink xlink:type="extended" xlink:role="http://fision.com/role/FairValueDetails" xlink:title="000040 - Disclosure - FAIR VALUE (Details)" />
  <link:calculationLink xlink:type="extended" xlink:role="http://fision.com/role/FairValueDetails1" xlink:title="000041 - Disclosure - FAIR VALUE (Details 1)" />
  <link:calculationLink xlink:type="extended" xlink:role="http://fision.com/role/FairValueDetails2" xlink:title="000042 - Disclosure - FAIR VALUE (Details 2)" />
  <link:calculationLink xlink:type="extended" xlink:role="http://fision.com/role/FairValueDetailsNarrative" xlink:title="000043 - Disclosure - FAIR VALUE (Details Narrative)" />
  <link:calculationLink xlink:type="extended" xlink:role="http://fision.com/role/AccountsReceivableDetails" xlink:title="000044 - Disclosure - ACCOUNTS RECEIVABLE (Details)" />
  <link:calculationLink xlink:type="extended" xlink:role="http://fision.com/role/NotesReceivableDetails" xlink:title="000045 - Disclosure - NOTES RECEIVABLE (Details)" />
  <link:calculationLink xlink:type="extended" xlink:role="http://fision.com/role/NotesReceivableDetailsNarrative" xlink:title="000046 - Disclosure - NOTES RECEIVABLE (Details Narrative)" />
  <link:calculationLink xlink:type="extended" xlink:role="http://fision.com/role/PropertyAndEquipmentDetails" xlink:title="000047 - Disclosure - PROPERTY AND EQUIPMENT (Details)" />
  <link:calculationLink xlink:type="extended" xlink:role="http://fision.com/role/PropertyAndEquipmentDetailsNarrative" xlink:title="000048 - Disclosure - PROPERTY AND EQUIPMENT (Details Narrative )" />
  <link:calculationLink xlink:type="extended" xlink:role="http://fision.com/role/IntangibleAssetsAndGoodwillDetails" xlink:title="000049 - Disclosure - INTANGIBLE ASSETS AND GOODWILL (Details)" />
  <link:calculationLink xlink:type="extended" xlink:role="http://fision.com/role/IntangibleAssetsAndGoodwillDetails1" xlink:title="000050 - Disclosure - INTANGIBLE ASSETS AND GOODWILL (Details 1)" />
  <link:calculationLink xlink:type="extended" xlink:role="http://fision.com/role/IntangibleAssetsAndGoodwilllDetails2" xlink:title="000051 - Disclosure - INTANGIBLE ASSETS AND GOODWILLL (Details 2)" />
  <link:calculationLink xlink:type="extended" xlink:role="http://fision.com/role/IntangibleAssetsAndGoodwilllDetailsNarrative" xlink:title="000052 - Disclosure - INTANGIBLE ASSETS AND GOODWILLL (Details Narrative)" />
  <link:calculationLink xlink:type="extended" xlink:role="http://fision.com/role/NotesPayableDetailsNarrative" xlink:title="000053 - Disclosure - NOTES PAYABLE (Details Narrative)" />
  <link:calculationLink xlink:type="extended" xlink:role="http://fision.com/role/StockholdersDeficitDetailsNarrative" xlink:title="000054 - Disclosure - STOCKHOLDERS DEFICIT (Details Narrative)" />
  <link:calculationLink xlink:type="extended" xlink:role="http://fision.com/role/RelatedPartyTransactionsDetailsNarrative" xlink:title="000055 - Disclosure - RELATED PARTY TRANSACTIONS (Details Narrative)" />
  <link:calculationLink xlink:type="extended" xlink:role="http://fision.com/role/AcquisitionsDetails" xlink:title="000056 - Disclosure - ACQUISITIONS (Details)" />
  <link:calculationLink xlink:type="extended" xlink:role="http://fision.com/role/AcquisitionsDetails1" xlink:title="000057 - Disclosure - ACQUISITIONS (Details 1)" />
  <link:calculationLink xlink:type="extended" xlink:role="http://fision.com/role/AcquisitionsDetails2" xlink:title="000058 - Disclosure - ACQUISITIONS (Details 2)" />
  <link:calculationLink xlink:type="extended" xlink:role="http://fision.com/role/AcquisitionsDetailsNarrative" xlink:title="000059 - Disclosure - ACQUISITIONS (Details Narrative)" />
  <link:calculationLink xlink:type="extended" xlink:role="http://fision.com/role/CommitmentsAndContigenciesDetailsNarrative" xlink:title="000060 - Disclosure - COMMITMENTS AND CONTIGENCIES (Details Narrative)" />
  <link:calculationLink xlink:type="extended" xlink:role="http://fision.com/role/IncomeTaxesDetails" xlink:title="000061 - Disclosure - INCOME TAXES (Details)" />
  <link:calculationLink xlink:type="extended" xlink:role="http://fision.com/role/IncomeTaxesDetailsNarrative" xlink:title="000062 - Disclosure - INCOME TAXES (Details Narrative)" />
  <link:calculationLink xlink:type="extended" xlink:role="http://fision.com/role/WarrantsDetails" xlink:title="000063 - Disclosure - WARRANTS (Details)" />
  <link:calculationLink xlink:type="extended" xlink:role="http://fision.com/role/ConcentrationsDetailsNarrative" xlink:title="000064 - Disclosure - CONCENTRATIONS (Details Narrative)" />
  <link:calculationLink xlink:type="extended" xlink:role="http://fision.com/role/Covid19LoanAndLoanForgivenessDetailsNarrative" xlink:title="000065 - Disclosure - COVID19 LOAN and LOAN FORGIVENESS (Details Narrative)" />
  <link:calculationLink xlink:type="extended" xlink:role="http://fision.com/role/SubsequentEventsDetailsNarrative" xlink:title="000066 - Disclosure - SUBSEQUENT EVENTS (Details Narrative)" />
</link:linkbase>