<?xml version="1.0" encoding="us-ascii" standalone="yes"?>
<!--XBRL Document Created with XBRLMaster-->
<!--Version: 2.3.08-->
<!--Based on XBRL 2.1-->
<!--Date of creation: 12/31/2022-->
<!--Software architectural design and coding: A'c Dharmapremananda Avt.-->
<!--Copyright (c) 2022 I-NET Business Solutions, Inc. All Rights Reserved.-->
<link:linkbase xmlns:xsi="http://www.w3.org/2001/XMLSchema-instance" xmlns:xlink="http://www.w3.org/1999/xlink" xmlns:link="http://www.xbrl.org/2003/linkbase" xsi:schemaLocation="http://www.xbrl.org/2003/linkbase http://www.xbrl.org/2003/xbrl-linkbase-2003-12-31.xsd">
  <link:roleRef roleURI="http://azzurro.com/role/Cover" xlink:href="azzurro-20220930.xsd#Cover" xlink:type="simple" />
  <link:roleRef roleURI="http://azzurro.com/role/BalanceSheets" xlink:href="azzurro-20220930.xsd#BalanceSheets" xlink:type="simple" />
  <link:roleRef roleURI="http://azzurro.com/role/BalanceSheetsParenthetical" xlink:href="azzurro-20220930.xsd#BalanceSheetsParenthetical" xlink:type="simple" />
  <link:roleRef roleURI="http://azzurro.com/role/StatementsOfOperationsAudited" xlink:href="azzurro-20220930.xsd#StatementsOfOperationsAudited" xlink:type="simple" />
  <link:roleRef roleURI="http://azzurro.com/role/StatementOfStockholdersEquityAudited" xlink:href="azzurro-20220930.xsd#StatementOfStockholdersEquityAudited" xlink:type="simple" />
  <link:roleRef roleURI="http://azzurro.com/role/StatementsOfCashFlowsAudited" xlink:href="azzurro-20220930.xsd#StatementsOfCashFlowsAudited" xlink:type="simple" />
  <link:roleRef roleURI="http://azzurro.com/role/OrganizationAndBusiness" xlink:href="azzurro-20220930.xsd#OrganizationAndBusiness" xlink:type="simple" />
  <link:roleRef roleURI="http://azzurro.com/role/GoingConcern" xlink:href="azzurro-20220930.xsd#GoingConcern" xlink:type="simple" />
  <link:roleRef roleURI="http://azzurro.com/role/SummaryOfSignificantAccountingPolicies" xlink:href="azzurro-20220930.xsd#SummaryOfSignificantAccountingPolicies" xlink:type="simple" />
  <link:roleRef roleURI="http://azzurro.com/role/CapitalStock" xlink:href="azzurro-20220930.xsd#CapitalStock" xlink:type="simple" />
  <link:roleRef roleURI="http://azzurro.com/role/RelatedPartyTransactions" xlink:href="azzurro-20220930.xsd#RelatedPartyTransactions" xlink:type="simple" />
  <link:roleRef roleURI="http://azzurro.com/role/SubsequentEvents" xlink:href="azzurro-20220930.xsd#SubsequentEvents" xlink:type="simple" />
  <link:roleRef roleURI="http://azzurro.com/role/SummaryOfSignificantAccountingPoliciesPolicies" xlink:href="azzurro-20220930.xsd#SummaryOfSignificantAccountingPoliciesPolicies" xlink:type="simple" />
  <link:roleRef roleURI="http://azzurro.com/role/GoingConcernDetailsNarrative" xlink:href="azzurro-20220930.xsd#GoingConcernDetailsNarrative" xlink:type="simple" />
  <link:roleRef roleURI="http://azzurro.com/role/SummaryOfSignificantAccountingPoliciesDetailsNarrative" xlink:href="azzurro-20220930.xsd#SummaryOfSignificantAccountingPoliciesDetailsNarrative" xlink:type="simple" />
  <link:roleRef roleURI="http://azzurro.com/role/CapitalStockDetailsNarrative" xlink:href="azzurro-20220930.xsd#CapitalStockDetailsNarrative" xlink:type="simple" />
  <link:roleRef roleURI="http://azzurro.com/role/RelatedPartyTransactionsDetailsNarrative" xlink:href="azzurro-20220930.xsd#RelatedPartyTransactionsDetailsNarrative" xlink:type="simple" />
  <link:roleRef roleURI="http://azzurro.com/role/SubsequentEventsDetailsNarrative" xlink:href="azzurro-20220930.xsd#SubsequentEventsDetailsNarrative" xlink:type="simple" />
  <link:calculationLink xlink:type="extended" xlink:role="http://azzurro.com/role/Cover" xlink:title="00000001 - Document - Document and Entity Information" />
  <link:calculationLink xlink:type="extended" xlink:role="http://azzurro.com/role/BalanceSheets" xlink:title="000002 - Statement - BALANCE SHEETS">
    <link:loc xlink:type="locator" xlink:href="https://xbrl.fasb.org/us-gaap/2022/elts/us-gaap-2022.xsd#us-gaap_AssetsCurrent" xlink:label="loc_us-gaapAssetsCurrent" />
    <link:loc xlink:type="locator" xlink:href="https://xbrl.fasb.org/us-gaap/2022/elts/us-gaap-2022.xsd#us-gaap_CashAndCashEquivalentsAtCarryingValue" xlink:label="loc_us-gaapCashAndCashEquivalentsAtCarryingValue" />
    <link:calculationArc order="2" xlink:arcrole="http://www.xbrl.org/2003/arcrole/summation-item" xlink:from="loc_us-gaapAssetsCurrent" xlink:to="loc_us-gaapCashAndCashEquivalentsAtCarryingValue" xlink:type="arc" weight="1" />
    <link:loc xlink:type="locator" xlink:href="https://xbrl.fasb.org/us-gaap/2022/elts/us-gaap-2022.xsd#us-gaap_Assets" xlink:label="loc_us-gaapAssets" />
    <link:calculationArc order="3" xlink:arcrole="http://www.xbrl.org/2003/arcrole/summation-item" xlink:from="loc_us-gaapAssets" xlink:to="loc_us-gaapAssetsCurrent" xlink:type="arc" weight="1" />
    <link:loc xlink:type="locator" xlink:href="https://xbrl.fasb.org/us-gaap/2022/elts/us-gaap-2022.xsd#us-gaap_LiabilitiesCurrent" xlink:label="loc_us-gaapLiabilitiesCurrent" />
    <link:loc xlink:type="locator" xlink:href="https://xbrl.fasb.org/us-gaap/2022/elts/us-gaap-2022.xsd#us-gaap_DueToRelatedPartiesCurrent" xlink:label="loc_us-gaapDueToRelatedPartiesCurrent" />
    <link:calculationArc order="4" xlink:arcrole="http://www.xbrl.org/2003/arcrole/summation-item" xlink:from="loc_us-gaapLiabilitiesCurrent" xlink:to="loc_us-gaapDueToRelatedPartiesCurrent" xlink:type="arc" weight="1" />
    <link:loc xlink:type="locator" xlink:href="https://xbrl.fasb.org/us-gaap/2022/elts/us-gaap-2022.xsd#us-gaap_AccountsPayableCurrent" xlink:label="loc_us-gaapAccountsPayableCurrent" />
    <link:calculationArc order="5" xlink:arcrole="http://www.xbrl.org/2003/arcrole/summation-item" xlink:from="loc_us-gaapLiabilitiesCurrent" xlink:to="loc_us-gaapAccountsPayableCurrent" xlink:type="arc" weight="1" />
    <link:loc xlink:type="locator" xlink:href="https://xbrl.fasb.org/us-gaap/2022/elts/us-gaap-2022.xsd#us-gaap_Liabilities" xlink:label="loc_us-gaapLiabilities" />
    <link:calculationArc order="6" xlink:arcrole="http://www.xbrl.org/2003/arcrole/summation-item" xlink:from="loc_us-gaapLiabilities" xlink:to="loc_us-gaapLiabilitiesCurrent" xlink:type="arc" weight="1" />
    <link:loc xlink:type="locator" xlink:href="https://xbrl.fasb.org/us-gaap/2022/elts/us-gaap-2022.xsd#us-gaap_StockholdersEquity" xlink:label="loc_us-gaapStockholdersEquity" />
    <link:loc xlink:type="locator" xlink:href="https://xbrl.fasb.org/us-gaap/2022/elts/us-gaap-2022.xsd#us-gaap_RetainedEarningsAccumulatedDeficit" xlink:label="loc_us-gaapRetainedEarningsAccumulatedDeficit" />
    <link:calculationArc order="7" xlink:arcrole="http://www.xbrl.org/2003/arcrole/summation-item" xlink:from="loc_us-gaapStockholdersEquity" xlink:to="loc_us-gaapRetainedEarningsAccumulatedDeficit" xlink:type="arc" weight="1" />
    <link:loc xlink:type="locator" xlink:href="https://xbrl.fasb.org/us-gaap/2022/elts/us-gaap-2022.xsd#us-gaap_CommonStockValue" xlink:label="loc_us-gaapCommonStockValue" />
    <link:calculationArc order="8" xlink:arcrole="http://www.xbrl.org/2003/arcrole/summation-item" xlink:from="loc_us-gaapStockholdersEquity" xlink:to="loc_us-gaapCommonStockValue" xlink:type="arc" weight="1" />
    <link:loc xlink:type="locator" xlink:href="https://xbrl.fasb.org/us-gaap/2022/elts/us-gaap-2022.xsd#us-gaap_AdditionalPaidInCapital" xlink:label="loc_us-gaapAdditionalPaidInCapital" />
    <link:calculationArc order="9" xlink:arcrole="http://www.xbrl.org/2003/arcrole/summation-item" xlink:from="loc_us-gaapStockholdersEquity" xlink:to="loc_us-gaapAdditionalPaidInCapital" xlink:type="arc" weight="1" />
    <link:loc xlink:type="locator" xlink:href="https://xbrl.fasb.org/us-gaap/2022/elts/us-gaap-2022.xsd#us-gaap_LiabilitiesAndStockholdersEquity" xlink:label="loc_us-gaapLiabilitiesAndStockholdersEquity" />
    <link:calculationArc order="10" xlink:arcrole="http://www.xbrl.org/2003/arcrole/summation-item" xlink:from="loc_us-gaapLiabilitiesAndStockholdersEquity" xlink:to="loc_us-gaapStockholdersEquity" xlink:type="arc" weight="1" />
    <link:calculationArc order="11" xlink:arcrole="http://www.xbrl.org/2003/arcrole/summation-item" xlink:from="loc_us-gaapLiabilitiesAndStockholdersEquity" xlink:to="loc_us-gaapLiabilities" xlink:type="arc" weight="1" />
  </link:calculationLink>
  <link:calculationLink xlink:type="extended" xlink:role="http://azzurro.com/role/BalanceSheetsParenthetical" xlink:title="000003 - Statement - BALANCE SHEETS (Parenthetical)" />
  <link:calculationLink xlink:type="extended" xlink:role="http://azzurro.com/role/StatementsOfOperationsAudited" xlink:title="000004 - Statement - STATEMENTS OF OPERATIONS (AUDITED)">
    <link:loc xlink:type="locator" xlink:href="https://xbrl.fasb.org/us-gaap/2022/elts/us-gaap-2022.xsd#us-gaap_OperatingIncomeLoss" xlink:label="loc_us-gaapOperatingIncomeLoss" />
    <link:loc xlink:type="locator" xlink:href="https://xbrl.fasb.org/us-gaap/2022/elts/us-gaap-2022.xsd#us-gaap_SellingGeneralAndAdministrativeExpense" xlink:label="loc_us-gaapSellingGeneralAndAdministrativeExpense" />
    <link:calculationArc order="2" xlink:arcrole="http://www.xbrl.org/2003/arcrole/summation-item" xlink:from="loc_us-gaapOperatingIncomeLoss" xlink:to="loc_us-gaapSellingGeneralAndAdministrativeExpense" xlink:type="arc" weight="-1" />
    <link:loc xlink:type="locator" xlink:href="https://xbrl.fasb.org/us-gaap/2022/elts/us-gaap-2022.xsd#us-gaap_IncomeLossFromContinuingOperationsBeforeIncomeTaxesExtraordinaryItemsNoncontrollingInterest" xlink:label="loc_us-gaapIncomeLossFromContinuingOperationsBeforeIncomeTaxesExtraordinaryItemsNoncontrollingInterest" />
    <link:calculationArc order="3" xlink:arcrole="http://www.xbrl.org/2003/arcrole/summation-item" xlink:from="loc_us-gaapIncomeLossFromContinuingOperationsBeforeIncomeTaxesExtraordinaryItemsNoncontrollingInterest" xlink:to="loc_us-gaapOperatingIncomeLoss" xlink:type="arc" weight="1" />
    <link:loc xlink:type="locator" xlink:href="https://xbrl.fasb.org/us-gaap/2022/elts/us-gaap-2022.xsd#us-gaap_NetIncomeLoss" xlink:label="loc_us-gaapNetIncomeLoss" />
    <link:calculationArc order="4" xlink:arcrole="http://www.xbrl.org/2003/arcrole/summation-item" xlink:from="loc_us-gaapNetIncomeLoss" xlink:to="loc_us-gaapIncomeLossFromContinuingOperationsBeforeIncomeTaxesExtraordinaryItemsNoncontrollingInterest" xlink:type="arc" weight="1" />
    <link:loc xlink:type="locator" xlink:href="https://xbrl.fasb.org/us-gaap/2022/elts/us-gaap-2022.xsd#us-gaap_IncomeTaxExpenseBenefit" xlink:label="loc_us-gaapIncomeTaxExpenseBenefit" />
    <link:calculationArc order="5" xlink:arcrole="http://www.xbrl.org/2003/arcrole/summation-item" xlink:from="loc_us-gaapNetIncomeLoss" xlink:to="loc_us-gaapIncomeTaxExpenseBenefit" xlink:type="arc" weight="-1" />
  </link:calculationLink>
  <link:calculationLink xlink:type="extended" xlink:role="http://azzurro.com/role/StatementOfStockholdersEquityAudited" xlink:title="000005 - Statement - STATEMENT OF STOCKHOLDERS EQUITY (AUDITED)" />
  <link:calculationLink xlink:type="extended" xlink:role="http://azzurro.com/role/StatementsOfCashFlowsAudited" xlink:title="000006 - Statement - STATEMENTS OF CASH FLOWS (AUDITED)">
    <link:loc xlink:type="locator" xlink:href="https://xbrl.fasb.org/us-gaap/2022/elts/us-gaap-2022.xsd#us-gaap_NetCashProvidedByUsedInOperatingActivities" xlink:label="loc_us-gaapNetCashProvidedByUsedInOperatingActivities" />
    <link:loc xlink:type="locator" xlink:href="https://xbrl.fasb.org/us-gaap/2022/elts/us-gaap-2022.xsd#us-gaap_IncreaseDecreaseInAccountsPayable" xlink:label="loc_us-gaapIncreaseDecreaseInAccountsPayable" />
    <link:calculationArc order="2" xlink:arcrole="http://www.xbrl.org/2003/arcrole/summation-item" xlink:from="loc_us-gaapNetCashProvidedByUsedInOperatingActivities" xlink:to="loc_us-gaapIncreaseDecreaseInAccountsPayable" xlink:type="arc" weight="1" />
    <link:loc xlink:type="locator" xlink:href="https://xbrl.fasb.org/us-gaap/2022/elts/us-gaap-2022.xsd#us-gaap_ProfitLoss" xlink:label="loc_us-gaapProfitLoss" />
    <link:calculationArc order="3" xlink:arcrole="http://www.xbrl.org/2003/arcrole/summation-item" xlink:from="loc_us-gaapNetCashProvidedByUsedInOperatingActivities" xlink:to="loc_us-gaapProfitLoss" xlink:type="arc" weight="-1" />
    <link:loc xlink:type="locator" xlink:href="https://xbrl.fasb.org/us-gaap/2022/elts/us-gaap-2022.xsd#us-gaap_NetCashProvidedByUsedInFinancingActivities" xlink:label="loc_us-gaapNetCashProvidedByUsedInFinancingActivities" />
    <link:loc xlink:type="locator" xlink:href="https://xbrl.fasb.org/us-gaap/2022/elts/us-gaap-2022.xsd#us-gaap_ProceedsFromRelatedPartyDebt" xlink:label="loc_us-gaapProceedsFromRelatedPartyDebt" />
    <link:calculationArc order="4" xlink:arcrole="http://www.xbrl.org/2003/arcrole/summation-item" xlink:from="loc_us-gaapNetCashProvidedByUsedInFinancingActivities" xlink:to="loc_us-gaapProceedsFromRelatedPartyDebt" xlink:type="arc" weight="1" />
    <link:loc xlink:type="locator" xlink:href="https://xbrl.fasb.org/us-gaap/2022/elts/us-gaap-2022.xsd#us-gaap_ProceedsFromIssuanceOfCommonStock" xlink:label="loc_us-gaapProceedsFromIssuanceOfCommonStock" />
    <link:calculationArc order="5" xlink:arcrole="http://www.xbrl.org/2003/arcrole/summation-item" xlink:from="loc_us-gaapNetCashProvidedByUsedInFinancingActivities" xlink:to="loc_us-gaapProceedsFromIssuanceOfCommonStock" xlink:type="arc" weight="1" />
    <link:loc xlink:type="locator" xlink:href="https://xbrl.fasb.org/us-gaap/2022/elts/us-gaap-2022.xsd#us-gaap_CashCashEquivalentsRestrictedCashAndRestrictedCashEquivalentsPeriodIncreaseDecreaseIncludingExchangeRateEffect" xlink:label="loc_us-gaapCashCashEquivalentsRestrictedCashAndRestrictedCashEquivalentsPeriodIncreaseDecreaseIncludingExchangeRateEffect" />
    <link:calculationArc order="6" xlink:arcrole="http://www.xbrl.org/2003/arcrole/summation-item" xlink:from="loc_us-gaapCashCashEquivalentsRestrictedCashAndRestrictedCashEquivalentsPeriodIncreaseDecreaseIncludingExchangeRateEffect" xlink:to="loc_us-gaapNetCashProvidedByUsedInOperatingActivities" xlink:type="arc" weight="1" />
    <link:calculationArc order="7" xlink:arcrole="http://www.xbrl.org/2003/arcrole/summation-item" xlink:from="loc_us-gaapCashCashEquivalentsRestrictedCashAndRestrictedCashEquivalentsPeriodIncreaseDecreaseIncludingExchangeRateEffect" xlink:to="loc_us-gaapNetCashProvidedByUsedInFinancingActivities" xlink:type="arc" weight="1" />
  </link:calculationLink>
  <link:calculationLink xlink:type="extended" xlink:role="http://azzurro.com/role/OrganizationAndBusiness" xlink:title="000007 - Disclosure - ORGANIZATION AND BUSINESS" />
  <link:calculationLink xlink:type="extended" xlink:role="http://azzurro.com/role/GoingConcern" xlink:title="000008 - Disclosure - GOING CONCERN" />
  <link:calculationLink xlink:type="extended" xlink:role="http://azzurro.com/role/SummaryOfSignificantAccountingPolicies" xlink:title="000009 - Disclosure - SUMMARY OF SIGNIFICANT ACCOUNTING POLICIES" />
  <link:calculationLink xlink:type="extended" xlink:role="http://azzurro.com/role/CapitalStock" xlink:title="000010 - Disclosure - CAPITAL STOCK" />
  <link:calculationLink xlink:type="extended" xlink:role="http://azzurro.com/role/RelatedPartyTransactions" xlink:title="000011 - Disclosure - RELATED PARTY TRANSACTIONS" />
  <link:calculationLink xlink:type="extended" xlink:role="http://azzurro.com/role/SubsequentEvents" xlink:title="000012 - Disclosure - SUBSEQUENT EVENTS" />
  <link:calculationLink xlink:type="extended" xlink:role="http://azzurro.com/role/SummaryOfSignificantAccountingPoliciesPolicies" xlink:title="000013 - Disclosure - SUMMARY OF SIGNIFICANT ACCOUNTING POLICIES (Policies)" />
  <link:calculationLink xlink:type="extended" xlink:role="http://azzurro.com/role/GoingConcernDetailsNarrative" xlink:title="000014 - Disclosure - GOING CONCERN (Details Narrative)" />
  <link:calculationLink xlink:type="extended" xlink:role="http://azzurro.com/role/SummaryOfSignificantAccountingPoliciesDetailsNarrative" xlink:title="000015 - Disclosure - SUMMARY OF SIGNIFICANT ACCOUNTING POLICIES (Details Narrative)" />
  <link:calculationLink xlink:type="extended" xlink:role="http://azzurro.com/role/CapitalStockDetailsNarrative" xlink:title="000016 - Disclosure - CAPITAL STOCK (Details Narrative)" />
  <link:calculationLink xlink:type="extended" xlink:role="http://azzurro.com/role/RelatedPartyTransactionsDetailsNarrative" xlink:title="000017 - Disclosure - RELATED PARTY TRANSACTIONS (Details Narrative)" />
  <link:calculationLink xlink:type="extended" xlink:role="http://azzurro.com/role/SubsequentEventsDetailsNarrative" xlink:title="000018 - Disclosure - SUBSEQUENT EVENTS (Details Narrative)" />
</link:linkbase>