<?xml version="1.0" encoding="us-ascii" standalone="yes"?>
<!--XBRL Document Created with XBRLMaster-->
<!--Version: 2.3.08-->
<!--Based on XBRL 2.1-->
<!--Date of creation: 12/31/2022-->
<!--Software architectural design and coding: A'c Dharmapremananda Avt.-->
<!--Copyright (c) 2022 I-NET Business Solutions, Inc. All Rights Reserved.-->
<link:linkbase xmlns:xsi="http://www.w3.org/2001/XMLSchema-instance" xmlns:xlink="http://www.w3.org/1999/xlink" xmlns:link="http://www.xbrl.org/2003/linkbase" xsi:schemaLocation="http://www.xbrl.org/2003/linkbase http://www.xbrl.org/2003/xbrl-linkbase-2003-12-31.xsd">
  <link:roleRef xlink:type="simple" xlink:href="http://www.xbrl.org/lrr/role/negated-2009-12-16.xsd#negatedLabel" roleURI="http://www.xbrl.org/2009/role/negatedLabel" />
  <link:roleRef xlink:type="simple" roleURI="http://www.xbrl.org/2009/role/negatedPeriodEndLabel" xlink:href="http://www.xbrl.org/lrr/role/negated-2009-12-16.xsd#negatedPeriodEndLabel" />
  <link:roleRef xlink:type="simple" xlink:href="http://www.xbrl.org/lrr/role/negated-2009-12-16.xsd#negatedPeriodStartLabel" roleURI="http://www.xbrl.org/2009/role/negatedPeriodStartLabel" />
  <link:roleRef xlink:type="simple" xlink:href="http://www.xbrl.org/lrr/role/negated-2009-12-16.xsd#negatedTotalLabel" roleURI="http://www.xbrl.org/2009/role/negatedTotalLabel" />
  <link:roleRef xlink:type="simple" xlink:href="http://www.xbrl.org/lrr/role/negated-2009-12-16.xsd#negatedNetLabel" roleURI="http://www.xbrl.org/2009/role/negatedNetLabel" />
  <link:roleRef xlink:type="simple" xlink:href="http://www.xbrl.org/lrr/role/negated-2009-12-16.xsd#negatedTerseLabel" roleURI="http://www.xbrl.org/2009/role/negatedTerseLabel" />
  <link:roleRef xlink:type="simple" xlink:href="http://www.xbrl.org/lrr/role/net-2009-12-16.xsd#netLabel" roleURI="http://www.xbrl.org/2009/role/netLabel" />
  <link:labelLink xlink:type="extended" xlink:role="http://www.xbrl.org/2003/role/link">
    <link:loc xlink:type="locator" xlink:href="https://xbrl.sec.gov/dei/2022/dei-2022.xsd#dei_CoverAbstract" xlink:label="dei_CoverAbstract" />
    <link:labelArc xlink:arcrole="http://www.xbrl.org/2003/arcrole/concept-label" xlink:from="dei_CoverAbstract" xlink:to="dei_CoverAbstract_lbl" xlink:type="arc" />
    <link:label xlink:type="resource" xlink:role="http://www.xbrl.org/2003/role/label" xlink:label="dei_CoverAbstract_lbl" xml:lang="en-US">Cover [Abstract]</link:label>
    <link:loc xlink:type="locator" xlink:href="https://xbrl.sec.gov/dei/2022/dei-2022.xsd#dei_EntityRegistrantName" xlink:label="dei_EntityRegistrantName" />
    <link:labelArc xlink:arcrole="http://www.xbrl.org/2003/arcrole/concept-label" xlink:from="dei_EntityRegistrantName" xlink:to="dei_EntityRegistrantName_lbl" xlink:type="arc" />
    <link:label xlink:type="resource" xlink:role="http://www.xbrl.org/2003/role/label" xlink:label="dei_EntityRegistrantName_lbl" xml:lang="en-US">Entity Registrant Name</link:label>
    <link:loc xlink:type="locator" xlink:href="https://xbrl.sec.gov/dei/2022/dei-2022.xsd#dei_EntityCentralIndexKey" xlink:label="dei_EntityCentralIndexKey" />
    <link:labelArc xlink:arcrole="http://www.xbrl.org/2003/arcrole/concept-label" xlink:from="dei_EntityCentralIndexKey" xlink:to="dei_EntityCentralIndexKey_lbl" xlink:type="arc" />
    <link:label xlink:type="resource" xlink:role="http://www.xbrl.org/2003/role/label" xlink:label="dei_EntityCentralIndexKey_lbl" xml:lang="en-US">Entity Central Index Key</link:label>
    <link:loc xlink:type="locator" xlink:href="https://xbrl.sec.gov/dei/2022/dei-2022.xsd#dei_DocumentType" xlink:label="dei_DocumentType" />
    <link:labelArc xlink:arcrole="http://www.xbrl.org/2003/arcrole/concept-label" xlink:from="dei_DocumentType" xlink:to="dei_DocumentType_lbl" xlink:type="arc" />
    <link:label xlink:type="resource" xlink:role="http://www.xbrl.org/2003/role/label" xlink:label="dei_DocumentType_lbl" xml:lang="en-US">Document Type</link:label>
    <link:loc xlink:type="locator" xlink:href="https://xbrl.sec.gov/dei/2022/dei-2022.xsd#dei_AmendmentFlag" xlink:label="dei_AmendmentFlag" />
    <link:labelArc xlink:arcrole="http://www.xbrl.org/2003/arcrole/concept-label" xlink:from="dei_AmendmentFlag" xlink:to="dei_AmendmentFlag_lbl" xlink:type="arc" />
    <link:label xlink:type="resource" xlink:role="http://www.xbrl.org/2003/role/label" xlink:label="dei_AmendmentFlag_lbl" xml:lang="en-US">Amendment Flag</link:label>
    <link:loc xlink:type="locator" xlink:href="https://xbrl.sec.gov/dei/2022/dei-2022.xsd#dei_EntityVoluntaryFilers" xlink:label="dei_EntityVoluntaryFilers" />
    <link:labelArc xlink:arcrole="http://www.xbrl.org/2003/arcrole/concept-label" xlink:from="dei_EntityVoluntaryFilers" xlink:to="dei_EntityVoluntaryFilers_lbl" xlink:type="arc" />
    <link:label xlink:type="resource" xlink:role="http://www.xbrl.org/2003/role/label" xlink:label="dei_EntityVoluntaryFilers_lbl" xml:lang="en-US">Entity Voluntary Filers</link:label>
    <link:loc xlink:type="locator" xlink:href="https://xbrl.sec.gov/dei/2022/dei-2022.xsd#dei_CurrentFiscalYearEndDate" xlink:label="dei_CurrentFiscalYearEndDate" />
    <link:labelArc xlink:arcrole="http://www.xbrl.org/2003/arcrole/concept-label" xlink:from="dei_CurrentFiscalYearEndDate" xlink:to="dei_CurrentFiscalYearEndDate_lbl" xlink:type="arc" />
    <link:label xlink:type="resource" xlink:role="http://www.xbrl.org/2003/role/label" xlink:label="dei_CurrentFiscalYearEndDate_lbl" xml:lang="en-US">Current Fiscal Year End Date</link:label>
    <link:loc xlink:type="locator" xlink:href="https://xbrl.sec.gov/dei/2022/dei-2022.xsd#dei_EntityWellKnownSeasonedIssuer" xlink:label="dei_EntityWellKnownSeasonedIssuer" />
    <link:labelArc xlink:arcrole="http://www.xbrl.org/2003/arcrole/concept-label" xlink:from="dei_EntityWellKnownSeasonedIssuer" xlink:to="dei_EntityWellKnownSeasonedIssuer_lbl" xlink:type="arc" />
    <link:label xlink:type="resource" xlink:role="http://www.xbrl.org/2003/role/label" xlink:label="dei_EntityWellKnownSeasonedIssuer_lbl" xml:lang="en-US">Entity Well Known Seasoned Issuer</link:label>
    <link:loc xlink:type="locator" xlink:href="https://xbrl.sec.gov/dei/2022/dei-2022.xsd#dei_EntitySmallBusiness" xlink:label="dei_EntitySmallBusiness" />
    <link:labelArc xlink:arcrole="http://www.xbrl.org/2003/arcrole/concept-label" xlink:from="dei_EntitySmallBusiness" xlink:to="dei_EntitySmallBusiness_lbl" xlink:type="arc" />
    <link:label xlink:type="resource" xlink:role="http://www.xbrl.org/2003/role/label" xlink:label="dei_EntitySmallBusiness_lbl" xml:lang="en-US">Entity Small Business</link:label>
    <link:loc xlink:type="locator" xlink:href="https://xbrl.sec.gov/dei/2022/dei-2022.xsd#dei_EntityShellCompany" xlink:label="dei_EntityShellCompany" />
    <link:labelArc xlink:arcrole="http://www.xbrl.org/2003/arcrole/concept-label" xlink:from="dei_EntityShellCompany" xlink:to="dei_EntityShellCompany_lbl" xlink:type="arc" />
    <link:label xlink:type="resource" xlink:role="http://www.xbrl.org/2003/role/label" xlink:label="dei_EntityShellCompany_lbl" xml:lang="en-US">Entity Shell Company</link:label>
    <link:loc xlink:type="locator" xlink:href="https://xbrl.sec.gov/dei/2022/dei-2022.xsd#dei_EntityEmergingGrowthCompany" xlink:label="dei_EntityEmergingGrowthCompany" />
    <link:labelArc xlink:arcrole="http://www.xbrl.org/2003/arcrole/concept-label" xlink:from="dei_EntityEmergingGrowthCompany" xlink:to="dei_EntityEmergingGrowthCompany_lbl" xlink:type="arc" />
    <link:label xlink:type="resource" xlink:role="http://www.xbrl.org/2003/role/label" xlink:label="dei_EntityEmergingGrowthCompany_lbl" xml:lang="en-US">Entity Emerging Growth Company</link:label>
    <link:loc xlink:type="locator" xlink:href="https://xbrl.sec.gov/dei/2022/dei-2022.xsd#dei_EntityCurrentReportingStatus" xlink:label="dei_EntityCurrentReportingStatus" />
    <link:labelArc xlink:arcrole="http://www.xbrl.org/2003/arcrole/concept-label" xlink:from="dei_EntityCurrentReportingStatus" xlink:to="dei_EntityCurrentReportingStatus_lbl" xlink:type="arc" />
    <link:label xlink:type="resource" xlink:role="http://www.xbrl.org/2003/role/label" xlink:label="dei_EntityCurrentReportingStatus_lbl" xml:lang="en-US">Entity Current Reporting Status</link:label>
    <link:loc xlink:type="locator" xlink:href="https://xbrl.sec.gov/dei/2022/dei-2022.xsd#dei_DocumentPeriodEndDate" xlink:label="dei_DocumentPeriodEndDate" />
    <link:labelArc xlink:arcrole="http://www.xbrl.org/2003/arcrole/concept-label" xlink:from="dei_DocumentPeriodEndDate" xlink:to="dei_DocumentPeriodEndDate_lbl" xlink:type="arc" />
    <link:label xlink:type="resource" xlink:role="http://www.xbrl.org/2003/role/label" xlink:label="dei_DocumentPeriodEndDate_lbl" xml:lang="en-US">Document Period End Date</link:label>
    <link:loc xlink:type="locator" xlink:href="https://xbrl.sec.gov/dei/2022/dei-2022.xsd#dei_EntityFilerCategory" xlink:label="dei_EntityFilerCategory" />
    <link:labelArc xlink:arcrole="http://www.xbrl.org/2003/arcrole/concept-label" xlink:from="dei_EntityFilerCategory" xlink:to="dei_EntityFilerCategory_lbl" xlink:type="arc" />
    <link:label xlink:type="resource" xlink:role="http://www.xbrl.org/2003/role/label" xlink:label="dei_EntityFilerCategory_lbl" xml:lang="en-US">Entity Filer Category</link:label>
    <link:loc xlink:type="locator" xlink:href="https://xbrl.sec.gov/dei/2022/dei-2022.xsd#dei_DocumentFiscalPeriodFocus" xlink:label="dei_DocumentFiscalPeriodFocus" />
    <link:labelArc xlink:arcrole="http://www.xbrl.org/2003/arcrole/concept-label" xlink:from="dei_DocumentFiscalPeriodFocus" xlink:to="dei_DocumentFiscalPeriodFocus_lbl" xlink:type="arc" />
    <link:label xlink:type="resource" xlink:role="http://www.xbrl.org/2003/role/label" xlink:label="dei_DocumentFiscalPeriodFocus_lbl" xml:lang="en-US">Document Fiscal Period Focus</link:label>
    <link:loc xlink:type="locator" xlink:href="https://xbrl.sec.gov/dei/2022/dei-2022.xsd#dei_DocumentFiscalYearFocus" xlink:label="dei_DocumentFiscalYearFocus" />
    <link:labelArc xlink:arcrole="http://www.xbrl.org/2003/arcrole/concept-label" xlink:from="dei_DocumentFiscalYearFocus" xlink:to="dei_DocumentFiscalYearFocus_lbl" xlink:type="arc" />
    <link:label xlink:type="resource" xlink:role="http://www.xbrl.org/2003/role/label" xlink:label="dei_DocumentFiscalYearFocus_lbl" xml:lang="en-US">Document Fiscal Year Focus</link:label>
    <link:loc xlink:type="locator" xlink:href="https://xbrl.sec.gov/dei/2022/dei-2022.xsd#dei_EntityExTransitionPeriod" xlink:label="dei_EntityExTransitionPeriod" />
    <link:labelArc xlink:arcrole="http://www.xbrl.org/2003/arcrole/concept-label" xlink:from="dei_EntityExTransitionPeriod" xlink:to="dei_EntityExTransitionPeriod_lbl" xlink:type="arc" />
    <link:label xlink:type="resource" xlink:role="http://www.xbrl.org/2003/role/label" xlink:label="dei_EntityExTransitionPeriod_lbl" xml:lang="en-US">Entity Ex Transition Period</link:label>
    <link:loc xlink:type="locator" xlink:href="https://xbrl.sec.gov/dei/2022/dei-2022.xsd#dei_EntityCommonStockSharesOutstanding" xlink:label="dei_EntityCommonStockSharesOutstanding" />
    <link:labelArc xlink:arcrole="http://www.xbrl.org/2003/arcrole/concept-label" xlink:from="dei_EntityCommonStockSharesOutstanding" xlink:to="dei_EntityCommonStockSharesOutstanding_lbl" xlink:type="arc" />
    <link:label xlink:type="resource" xlink:role="http://www.xbrl.org/2003/role/label" xlink:label="dei_EntityCommonStockSharesOutstanding_lbl" xml:lang="en-US">Entity Common Stock Shares Outstanding</link:label>
    <link:loc xlink:type="locator" xlink:href="https://xbrl.sec.gov/dei/2022/dei-2022.xsd#dei_EntityPublicFloat" xlink:label="dei_EntityPublicFloat" />
    <link:labelArc xlink:arcrole="http://www.xbrl.org/2003/arcrole/concept-label" xlink:from="dei_EntityPublicFloat" xlink:to="dei_EntityPublicFloat_lbl" xlink:type="arc" />
    <link:label xlink:type="resource" xlink:role="http://www.xbrl.org/2003/role/label" xlink:label="dei_EntityPublicFloat_lbl" xml:lang="en-US">Entity Public Float</link:label>
    <link:loc xlink:type="locator" xlink:href="https://xbrl.sec.gov/dei/2022/dei-2022.xsd#dei_DocumentTransitionReport" xlink:label="dei_DocumentTransitionReport" />
    <link:labelArc xlink:arcrole="http://www.xbrl.org/2003/arcrole/concept-label" xlink:from="dei_DocumentTransitionReport" xlink:to="dei_DocumentTransitionReport_lbl" xlink:type="arc" />
    <link:label xlink:type="resource" xlink:role="http://www.xbrl.org/2003/role/label" xlink:label="dei_DocumentTransitionReport_lbl" xml:lang="en-US">Document Transition Report</link:label>
    <link:loc xlink:type="locator" xlink:href="https://xbrl.sec.gov/dei/2022/dei-2022.xsd#dei_EntityFileNumber" xlink:label="dei_EntityFileNumber" />
    <link:labelArc xlink:arcrole="http://www.xbrl.org/2003/arcrole/concept-label" xlink:from="dei_EntityFileNumber" xlink:to="dei_EntityFileNumber_lbl" xlink:type="arc" />
    <link:label xlink:type="resource" xlink:role="http://www.xbrl.org/2003/role/label" xlink:label="dei_EntityFileNumber_lbl" xml:lang="en-US">Entity File Number</link:label>
    <link:loc xlink:type="locator" xlink:href="https://xbrl.sec.gov/dei/2022/dei-2022.xsd#dei_EntityIncorporationStateCountryCode" xlink:label="dei_EntityIncorporationStateCountryCode" />
    <link:labelArc xlink:arcrole="http://www.xbrl.org/2003/arcrole/concept-label" xlink:from="dei_EntityIncorporationStateCountryCode" xlink:to="dei_EntityIncorporationStateCountryCode_lbl" xlink:type="arc" />
    <link:label xlink:type="resource" xlink:role="http://www.xbrl.org/2003/role/label" xlink:label="dei_EntityIncorporationStateCountryCode_lbl" xml:lang="en-US">Entity Incorporation State Country Code</link:label>
    <link:loc xlink:type="locator" xlink:href="https://xbrl.sec.gov/dei/2022/dei-2022.xsd#dei_EntityTaxIdentificationNumber" xlink:label="dei_EntityTaxIdentificationNumber" />
    <link:labelArc xlink:arcrole="http://www.xbrl.org/2003/arcrole/concept-label" xlink:from="dei_EntityTaxIdentificationNumber" xlink:to="dei_EntityTaxIdentificationNumber_lbl" xlink:type="arc" />
    <link:label xlink:type="resource" xlink:role="http://www.xbrl.org/2003/role/label" xlink:label="dei_EntityTaxIdentificationNumber_lbl" xml:lang="en-US">Entity Tax Identification Number</link:label>
    <link:loc xlink:type="locator" xlink:href="https://xbrl.sec.gov/dei/2022/dei-2022.xsd#dei_EntityAddressAddressLine1" xlink:label="dei_EntityAddressAddressLine1" />
    <link:labelArc xlink:arcrole="http://www.xbrl.org/2003/arcrole/concept-label" xlink:from="dei_EntityAddressAddressLine1" xlink:to="dei_EntityAddressAddressLine1_lbl" xlink:type="arc" />
    <link:label xlink:type="resource" xlink:role="http://www.xbrl.org/2003/role/label" xlink:label="dei_EntityAddressAddressLine1_lbl" xml:lang="en-US">Entity Address Address Line 1</link:label>
    <link:loc xlink:type="locator" xlink:href="https://xbrl.sec.gov/dei/2022/dei-2022.xsd#dei_EntityAddressAddressLine2" xlink:label="dei_EntityAddressAddressLine2" />
    <link:labelArc xlink:arcrole="http://www.xbrl.org/2003/arcrole/concept-label" xlink:from="dei_EntityAddressAddressLine2" xlink:to="dei_EntityAddressAddressLine2_lbl" xlink:type="arc" />
    <link:label xlink:type="resource" xlink:role="http://www.xbrl.org/2003/role/label" xlink:label="dei_EntityAddressAddressLine2_lbl" xml:lang="en-US">Entity Address Address Line 2</link:label>
    <link:loc xlink:type="locator" xlink:href="https://xbrl.sec.gov/dei/2022/dei-2022.xsd#dei_EntityAddressCityOrTown" xlink:label="dei_EntityAddressCityOrTown" />
    <link:labelArc xlink:arcrole="http://www.xbrl.org/2003/arcrole/concept-label" xlink:from="dei_EntityAddressCityOrTown" xlink:to="dei_EntityAddressCityOrTown_lbl" xlink:type="arc" />
    <link:label xlink:type="resource" xlink:role="http://www.xbrl.org/2003/role/label" xlink:label="dei_EntityAddressCityOrTown_lbl" xml:lang="en-US">Entity Address City Or Town</link:label>
    <link:loc xlink:type="locator" xlink:href="https://xbrl.sec.gov/dei/2022/dei-2022.xsd#dei_EntityAddressCountry" xlink:label="dei_EntityAddressCountry" />
    <link:labelArc xlink:arcrole="http://www.xbrl.org/2003/arcrole/concept-label" xlink:from="dei_EntityAddressCountry" xlink:to="dei_EntityAddressCountry_lbl" xlink:type="arc" />
    <link:label xlink:type="resource" xlink:role="http://www.xbrl.org/2003/role/label" xlink:label="dei_EntityAddressCountry_lbl" xml:lang="en-US">Entity Address Country</link:label>
    <link:loc xlink:type="locator" xlink:href="https://xbrl.sec.gov/dei/2022/dei-2022.xsd#dei_EntityAddressPostalZipCode" xlink:label="dei_EntityAddressPostalZipCode" />
    <link:labelArc xlink:arcrole="http://www.xbrl.org/2003/arcrole/concept-label" xlink:from="dei_EntityAddressPostalZipCode" xlink:to="dei_EntityAddressPostalZipCode_lbl" xlink:type="arc" />
    <link:label xlink:type="resource" xlink:role="http://www.xbrl.org/2003/role/label" xlink:label="dei_EntityAddressPostalZipCode_lbl" xml:lang="en-US">Entity Address Postal Zip Code</link:label>
    <link:loc xlink:type="locator" xlink:href="https://xbrl.sec.gov/dei/2022/dei-2022.xsd#dei_CityAreaCode" xlink:label="dei_CityAreaCode" />
    <link:labelArc xlink:arcrole="http://www.xbrl.org/2003/arcrole/concept-label" xlink:from="dei_CityAreaCode" xlink:to="dei_CityAreaCode_lbl" xlink:type="arc" />
    <link:label xlink:type="resource" xlink:role="http://www.xbrl.org/2003/role/label" xlink:label="dei_CityAreaCode_lbl" xml:lang="en-US">City Area Code</link:label>
    <link:loc xlink:type="locator" xlink:href="https://xbrl.sec.gov/dei/2022/dei-2022.xsd#dei_LocalPhoneNumber" xlink:label="dei_LocalPhoneNumber" />
    <link:labelArc xlink:arcrole="http://www.xbrl.org/2003/arcrole/concept-label" xlink:from="dei_LocalPhoneNumber" xlink:to="dei_LocalPhoneNumber_lbl" xlink:type="arc" />
    <link:label xlink:type="resource" xlink:role="http://www.xbrl.org/2003/role/label" xlink:label="dei_LocalPhoneNumber_lbl" xml:lang="en-US">Local Phone Number</link:label>
    <link:loc xlink:type="locator" xlink:href="https://xbrl.sec.gov/dei/2022/dei-2022.xsd#dei_DocumentAnnualReport" xlink:label="dei_DocumentAnnualReport" />
    <link:labelArc xlink:arcrole="http://www.xbrl.org/2003/arcrole/concept-label" xlink:from="dei_DocumentAnnualReport" xlink:to="dei_DocumentAnnualReport_lbl" xlink:type="arc" />
    <link:label xlink:type="resource" xlink:role="http://www.xbrl.org/2003/role/label" xlink:label="dei_DocumentAnnualReport_lbl" xml:lang="en-US">Document Annual Report</link:label>
    <link:loc xlink:type="locator" xlink:href="https://xbrl.sec.gov/dei/2022/dei-2022.xsd#dei_AuditorName" xlink:label="dei_AuditorName" />
    <link:labelArc xlink:arcrole="http://www.xbrl.org/2003/arcrole/concept-label" xlink:from="dei_AuditorName" xlink:to="dei_AuditorName_lbl" xlink:type="arc" />
    <link:label xlink:type="resource" xlink:role="http://www.xbrl.org/2003/role/label" xlink:label="dei_AuditorName_lbl" xml:lang="en-US">Auditor Name</link:label>
    <link:loc xlink:type="locator" xlink:href="https://xbrl.sec.gov/dei/2022/dei-2022.xsd#dei_AuditorLocation" xlink:label="dei_AuditorLocation" />
    <link:labelArc xlink:arcrole="http://www.xbrl.org/2003/arcrole/concept-label" xlink:from="dei_AuditorLocation" xlink:to="dei_AuditorLocation_lbl" xlink:type="arc" />
    <link:label xlink:type="resource" xlink:role="http://www.xbrl.org/2003/role/label" xlink:label="dei_AuditorLocation_lbl" xml:lang="en-US">Auditor Location</link:label>
    <link:loc xlink:type="locator" xlink:href="https://xbrl.sec.gov/dei/2022/dei-2022.xsd#dei_AuditorFirmId" xlink:label="dei_AuditorFirmId" />
    <link:labelArc xlink:arcrole="http://www.xbrl.org/2003/arcrole/concept-label" xlink:from="dei_AuditorFirmId" xlink:to="dei_AuditorFirmId_lbl" xlink:type="arc" />
    <link:label xlink:type="resource" xlink:role="http://www.xbrl.org/2003/role/label" xlink:label="dei_AuditorFirmId_lbl" xml:lang="en-US">Auditor Firm Id</link:label>
    <link:loc xlink:type="locator" xlink:href="https://xbrl.fasb.org/us-gaap/2022/elts/us-gaap-2022.xsd#us-gaap_StatementOfFinancialPositionAbstract" xlink:label="us-gaap_StatementOfFinancialPositionAbstract" />
    <link:labelArc xlink:arcrole="http://www.xbrl.org/2003/arcrole/concept-label" xlink:from="us-gaap_StatementOfFinancialPositionAbstract" xlink:to="us-gaap_StatementOfFinancialPositionAbstract_lbl_6e6b9d" xlink:type="arc" />
    <link:label xlink:type="resource" xlink:role="http://www.xbrl.org/2003/role/label" xlink:label="us-gaap_StatementOfFinancialPositionAbstract_lbl_6e6b9d" xml:lang="en-US">BALANCE SHEETS</link:label>
    <link:loc xlink:type="locator" xlink:href="https://xbrl.fasb.org/us-gaap/2022/elts/us-gaap-2022.xsd#us-gaap_AssetsAbstract" xlink:label="us-gaap_AssetsAbstract" />
    <link:labelArc xlink:arcrole="http://www.xbrl.org/2003/arcrole/concept-label" xlink:from="us-gaap_AssetsAbstract" xlink:to="us-gaap_AssetsAbstract_lbl_6ed39e" xlink:type="arc" />
    <link:label xlink:type="resource" xlink:role="http://www.xbrl.org/2003/role/label" xlink:label="us-gaap_AssetsAbstract_lbl_6ed39e" xml:lang="en-US">ASSETS</link:label>
    <link:loc xlink:type="locator" xlink:href="https://xbrl.fasb.org/us-gaap/2022/elts/us-gaap-2022.xsd#us-gaap_AssetsCurrentAbstract" xlink:label="us-gaap_AssetsCurrentAbstract" />
    <link:labelArc xlink:arcrole="http://www.xbrl.org/2003/arcrole/concept-label" xlink:from="us-gaap_AssetsCurrentAbstract" xlink:to="us-gaap_AssetsCurrentAbstract_lbl_147794" xlink:type="arc" />
    <link:label xlink:type="resource" xlink:role="http://www.xbrl.org/2003/role/label" xlink:label="us-gaap_AssetsCurrentAbstract_lbl_147794" xml:lang="en-US">Current Assets</link:label>
    <link:loc xlink:type="locator" xlink:href="https://xbrl.fasb.org/us-gaap/2022/elts/us-gaap-2022.xsd#us-gaap_CashAndCashEquivalentsAtCarryingValue" xlink:label="us-gaap_CashAndCashEquivalentsAtCarryingValue" />
    <link:labelArc xlink:arcrole="http://www.xbrl.org/2003/arcrole/concept-label" xlink:from="us-gaap_CashAndCashEquivalentsAtCarryingValue" xlink:to="us-gaap_CashAndCashEquivalentsAtCarryingValue_lbl_a49452" xlink:type="arc" />
    <link:label xlink:type="resource" xlink:role="http://www.xbrl.org/2003/role/label" xlink:label="us-gaap_CashAndCashEquivalentsAtCarryingValue_lbl_a49452" xml:lang="en-US">Cash &amp; cash equivalents</link:label>
    <link:labelArc xlink:arcrole="http://www.xbrl.org/2003/arcrole/concept-label" xlink:from="us-gaap_AssetsCurrent" xlink:to="us-gaap_AssetsCurrent_lbl_c1f43c" xlink:type="arc" />
    <link:label xlink:type="resource" xlink:role="http://www.xbrl.org/2003/role/totalLabel" xlink:label="us-gaap_AssetsCurrent_lbl_c1f43c" xml:lang="en-US">Total current assets</link:label>
    <link:loc xlink:type="locator" xlink:href="https://xbrl.fasb.org/us-gaap/2022/elts/us-gaap-2022.xsd#us-gaap_AssetsCurrent" xlink:label="us-gaap_AssetsCurrent" />
    <link:labelArc xlink:arcrole="http://www.xbrl.org/2003/arcrole/concept-label" xlink:from="us-gaap_AssetsCurrent" xlink:to="us-gaap_AssetsCurrent_lbl_5" xlink:type="arc" />
    <link:label xlink:type="resource" xlink:role="http://www.xbrl.org/2003/role/label" xlink:label="us-gaap_AssetsCurrent_lbl_5" xml:lang="en-US">[Assets, Current]</link:label>
    <link:labelArc xlink:arcrole="http://www.xbrl.org/2003/arcrole/concept-label" xlink:from="us-gaap_Assets" xlink:to="us-gaap_Assets_lbl_462b12" xlink:type="arc" />
    <link:label xlink:type="resource" xlink:role="http://www.xbrl.org/2003/role/totalLabel" xlink:label="us-gaap_Assets_lbl_462b12" xml:lang="en-US">Total Assets</link:label>
    <link:loc xlink:type="locator" xlink:href="https://xbrl.fasb.org/us-gaap/2022/elts/us-gaap-2022.xsd#us-gaap_Assets" xlink:label="us-gaap_Assets" />
    <link:labelArc xlink:arcrole="http://www.xbrl.org/2003/arcrole/concept-label" xlink:from="us-gaap_Assets" xlink:to="us-gaap_Assets_lbl_6" xlink:type="arc" />
    <link:label xlink:type="resource" xlink:role="http://www.xbrl.org/2003/role/label" xlink:label="us-gaap_Assets_lbl_6" xml:lang="en-US">[Assets]</link:label>
    <link:loc xlink:type="locator" xlink:href="https://xbrl.fasb.org/us-gaap/2022/elts/us-gaap-2022.xsd#us-gaap_LiabilitiesAndStockholdersEquityAbstract" xlink:label="us-gaap_LiabilitiesAndStockholdersEquityAbstract" />
    <link:labelArc xlink:arcrole="http://www.xbrl.org/2003/arcrole/concept-label" xlink:from="us-gaap_LiabilitiesAndStockholdersEquityAbstract" xlink:to="us-gaap_LiabilitiesAndStockholdersEquityAbstract_lbl_0fa718" xlink:type="arc" />
    <link:label xlink:type="resource" xlink:role="http://www.xbrl.org/2003/role/label" xlink:label="us-gaap_LiabilitiesAndStockholdersEquityAbstract_lbl_0fa718" xml:lang="en-US">LIABILITIES AND STOCKHOLDERS' EQUITY</link:label>
    <link:loc xlink:type="locator" xlink:href="https://xbrl.fasb.org/us-gaap/2022/elts/us-gaap-2022.xsd#us-gaap_LiabilitiesCurrentAbstract" xlink:label="us-gaap_LiabilitiesCurrentAbstract" />
    <link:labelArc xlink:arcrole="http://www.xbrl.org/2003/arcrole/concept-label" xlink:from="us-gaap_LiabilitiesCurrentAbstract" xlink:to="us-gaap_LiabilitiesCurrentAbstract_lbl_1472f3" xlink:type="arc" />
    <link:label xlink:type="resource" xlink:role="http://www.xbrl.org/2003/role/label" xlink:label="us-gaap_LiabilitiesCurrentAbstract_lbl_1472f3" xml:lang="en-US">Current Liabilities</link:label>
    <link:loc xlink:type="locator" xlink:href="https://xbrl.fasb.org/us-gaap/2022/elts/us-gaap-2022.xsd#us-gaap_AccountsPayableCurrent" xlink:label="us-gaap_AccountsPayableCurrent" />
    <link:labelArc xlink:arcrole="http://www.xbrl.org/2003/arcrole/concept-label" xlink:from="us-gaap_AccountsPayableCurrent" xlink:to="us-gaap_AccountsPayableCurrent_lbl_c0d60f" xlink:type="arc" />
    <link:label xlink:type="resource" xlink:role="http://www.xbrl.org/2003/role/label" xlink:label="us-gaap_AccountsPayableCurrent_lbl_c0d60f" xml:lang="en-US">Accounts payable</link:label>
    <link:loc xlink:type="locator" xlink:href="https://xbrl.fasb.org/us-gaap/2022/elts/us-gaap-2022.xsd#us-gaap_DueToRelatedPartiesCurrent" xlink:label="us-gaap_DueToRelatedPartiesCurrent" />
    <link:labelArc xlink:arcrole="http://www.xbrl.org/2003/arcrole/concept-label" xlink:from="us-gaap_DueToRelatedPartiesCurrent" xlink:to="us-gaap_DueToRelatedPartiesCurrent_lbl_e344b7" xlink:type="arc" />
    <link:label xlink:type="resource" xlink:role="http://www.xbrl.org/2003/role/label" xlink:label="us-gaap_DueToRelatedPartiesCurrent_lbl_e344b7" xml:lang="en-US">Loans from related parties</link:label>
    <link:labelArc xlink:arcrole="http://www.xbrl.org/2003/arcrole/concept-label" xlink:from="us-gaap_LiabilitiesCurrent" xlink:to="us-gaap_LiabilitiesCurrent_lbl_829af7" xlink:type="arc" />
    <link:label xlink:type="resource" xlink:role="http://www.xbrl.org/2003/role/totalLabel" xlink:label="us-gaap_LiabilitiesCurrent_lbl_829af7" xml:lang="en-US">Total current liabilities</link:label>
    <link:loc xlink:type="locator" xlink:href="https://xbrl.fasb.org/us-gaap/2022/elts/us-gaap-2022.xsd#us-gaap_LiabilitiesCurrent" xlink:label="us-gaap_LiabilitiesCurrent" />
    <link:labelArc xlink:arcrole="http://www.xbrl.org/2003/arcrole/concept-label" xlink:from="us-gaap_LiabilitiesCurrent" xlink:to="us-gaap_LiabilitiesCurrent_lbl_11" xlink:type="arc" />
    <link:label xlink:type="resource" xlink:role="http://www.xbrl.org/2003/role/label" xlink:label="us-gaap_LiabilitiesCurrent_lbl_11" xml:lang="en-US">[Liabilities, Current]</link:label>
    <link:labelArc xlink:arcrole="http://www.xbrl.org/2003/arcrole/concept-label" xlink:from="us-gaap_Liabilities" xlink:to="us-gaap_Liabilities_lbl_033151" xlink:type="arc" />
    <link:label xlink:type="resource" xlink:role="http://www.xbrl.org/2003/role/totalLabel" xlink:label="us-gaap_Liabilities_lbl_033151" xml:lang="en-US">Total Liabilities</link:label>
    <link:loc xlink:type="locator" xlink:href="https://xbrl.fasb.org/us-gaap/2022/elts/us-gaap-2022.xsd#us-gaap_Liabilities" xlink:label="us-gaap_Liabilities" />
    <link:labelArc xlink:arcrole="http://www.xbrl.org/2003/arcrole/concept-label" xlink:from="us-gaap_Liabilities" xlink:to="us-gaap_Liabilities_lbl_12" xlink:type="arc" />
    <link:label xlink:type="resource" xlink:role="http://www.xbrl.org/2003/role/label" xlink:label="us-gaap_Liabilities_lbl_12" xml:lang="en-US">[Liabilities]</link:label>
    <link:loc xlink:type="locator" xlink:href="https://xbrl.fasb.org/us-gaap/2022/elts/us-gaap-2022.xsd#us-gaap_StockholdersEquityAbstract" xlink:label="us-gaap_StockholdersEquityAbstract" />
    <link:labelArc xlink:arcrole="http://www.xbrl.org/2003/arcrole/concept-label" xlink:from="us-gaap_StockholdersEquityAbstract" xlink:to="us-gaap_StockholdersEquityAbstract_lbl_1c85bf" xlink:type="arc" />
    <link:label xlink:type="resource" xlink:role="http://www.xbrl.org/2003/role/label" xlink:label="us-gaap_StockholdersEquityAbstract_lbl_1c85bf" xml:lang="en-US">Stockholders' Equity</link:label>
    <link:loc xlink:type="locator" xlink:href="https://xbrl.fasb.org/us-gaap/2022/elts/us-gaap-2022.xsd#us-gaap_CommonStockValue" xlink:label="us-gaap_CommonStockValue" />
    <link:labelArc xlink:arcrole="http://www.xbrl.org/2003/arcrole/concept-label" xlink:from="us-gaap_CommonStockValue" xlink:to="us-gaap_CommonStockValue_lbl_715504" xlink:type="arc" />
    <link:label xlink:type="resource" xlink:role="http://www.xbrl.org/2003/role/label" xlink:label="us-gaap_CommonStockValue_lbl_715504" xml:lang="en-US">Common stock, $0.001 par value, 75,000,000 shares authorized: 4,058,167 shares issued and outstanding</link:label>
    <link:loc xlink:type="locator" xlink:href="https://xbrl.fasb.org/us-gaap/2022/elts/us-gaap-2022.xsd#us-gaap_AdditionalPaidInCapital" xlink:label="us-gaap_AdditionalPaidInCapital" />
    <link:labelArc xlink:arcrole="http://www.xbrl.org/2003/arcrole/concept-label" xlink:from="us-gaap_AdditionalPaidInCapital" xlink:to="us-gaap_AdditionalPaidInCapital_lbl_6c92fc" xlink:type="arc" />
    <link:label xlink:type="resource" xlink:role="http://www.xbrl.org/2003/role/label" xlink:label="us-gaap_AdditionalPaidInCapital_lbl_6c92fc" xml:lang="en-US">Additional Paid-In-Capital</link:label>
    <link:labelArc xlink:arcrole="http://www.xbrl.org/2003/arcrole/concept-label" xlink:from="us-gaap_RetainedEarningsAccumulatedDeficit" xlink:to="us-gaap_RetainedEarningsAccumulatedDeficit_lbl_78113b" xlink:type="arc" />
    <link:label xlink:type="resource" xlink:role="http://www.xbrl.org/2003/role/verboseLabel" xlink:label="us-gaap_RetainedEarningsAccumulatedDeficit_lbl_78113b" xml:lang="en-US">Accumulated Deficit</link:label>
    <link:loc xlink:type="locator" xlink:href="https://xbrl.fasb.org/us-gaap/2022/elts/us-gaap-2022.xsd#us-gaap_RetainedEarningsAccumulatedDeficit" xlink:label="us-gaap_RetainedEarningsAccumulatedDeficit" />
    <link:labelArc xlink:arcrole="http://www.xbrl.org/2003/arcrole/concept-label" xlink:from="us-gaap_RetainedEarningsAccumulatedDeficit" xlink:to="us-gaap_RetainedEarningsAccumulatedDeficit_lbl_16" xlink:type="arc" />
    <link:label xlink:type="resource" xlink:role="http://www.xbrl.org/2003/role/label" xlink:label="us-gaap_RetainedEarningsAccumulatedDeficit_lbl_16" xml:lang="en-US">[Retained Earnings (Accumulated Deficit)]</link:label>
    <link:labelArc xlink:arcrole="http://www.xbrl.org/2003/arcrole/concept-label" xlink:from="us-gaap_StockholdersEquity" xlink:to="us-gaap_StockholdersEquity_lbl_b56ffb" xlink:type="arc" />
    <link:label xlink:type="resource" xlink:role="http://www.xbrl.org/2003/role/totalLabel" xlink:label="us-gaap_StockholdersEquity_lbl_b56ffb" xml:lang="en-US">Total Stockholders' equity</link:label>
    <link:loc xlink:type="locator" xlink:href="https://xbrl.fasb.org/us-gaap/2022/elts/us-gaap-2022.xsd#us-gaap_StockholdersEquity" xlink:label="us-gaap_StockholdersEquity" />
    <link:labelArc xlink:arcrole="http://www.xbrl.org/2003/arcrole/concept-label" xlink:from="us-gaap_StockholdersEquity" xlink:to="us-gaap_StockholdersEquity_lbl_17" xlink:type="arc" />
    <link:label xlink:type="resource" xlink:role="http://www.xbrl.org/2003/role/label" xlink:label="us-gaap_StockholdersEquity_lbl_17" xml:lang="en-US">[Stockholders' Equity Attributable to Parent]</link:label>
    <link:labelArc xlink:arcrole="http://www.xbrl.org/2003/arcrole/concept-label" xlink:from="us-gaap_LiabilitiesAndStockholdersEquity" xlink:to="us-gaap_LiabilitiesAndStockholdersEquity_lbl_2f8ffc" xlink:type="arc" />
    <link:label xlink:type="resource" xlink:role="http://www.xbrl.org/2003/role/totalLabel" xlink:label="us-gaap_LiabilitiesAndStockholdersEquity_lbl_2f8ffc" xml:lang="en-US">Total Liabilities and Stockholders' equity</link:label>
    <link:loc xlink:type="locator" xlink:href="https://xbrl.fasb.org/us-gaap/2022/elts/us-gaap-2022.xsd#us-gaap_LiabilitiesAndStockholdersEquity" xlink:label="us-gaap_LiabilitiesAndStockholdersEquity" />
    <link:labelArc xlink:arcrole="http://www.xbrl.org/2003/arcrole/concept-label" xlink:from="us-gaap_LiabilitiesAndStockholdersEquity" xlink:to="us-gaap_LiabilitiesAndStockholdersEquity_lbl_18" xlink:type="arc" />
    <link:label xlink:type="resource" xlink:role="http://www.xbrl.org/2003/role/label" xlink:label="us-gaap_LiabilitiesAndStockholdersEquity_lbl_18" xml:lang="en-US">[Liabilities and Equity]</link:label>
    <link:loc xlink:type="locator" xlink:href="https://xbrl.fasb.org/us-gaap/2022/elts/us-gaap-2022.xsd#us-gaap_CommonStockParOrStatedValuePerShare" xlink:label="us-gaap_CommonStockParOrStatedValuePerShare" />
    <link:labelArc xlink:arcrole="http://www.xbrl.org/2003/arcrole/concept-label" xlink:from="us-gaap_CommonStockParOrStatedValuePerShare" xlink:to="us-gaap_CommonStockParOrStatedValuePerShare_lbl_f63fa5" xlink:type="arc" />
    <link:label xlink:type="resource" xlink:role="http://www.xbrl.org/2003/role/label" xlink:label="us-gaap_CommonStockParOrStatedValuePerShare_lbl_f63fa5" xml:lang="en-US">Common Stock, Par Value</link:label>
    <link:loc xlink:type="locator" xlink:href="https://xbrl.fasb.org/us-gaap/2022/elts/us-gaap-2022.xsd#us-gaap_CommonStockSharesAuthorized" xlink:label="us-gaap_CommonStockSharesAuthorized" />
    <link:labelArc xlink:arcrole="http://www.xbrl.org/2003/arcrole/concept-label" xlink:from="us-gaap_CommonStockSharesAuthorized" xlink:to="us-gaap_CommonStockSharesAuthorized_lbl_8a71de" xlink:type="arc" />
    <link:label xlink:type="resource" xlink:role="http://www.xbrl.org/2003/role/label" xlink:label="us-gaap_CommonStockSharesAuthorized_lbl_8a71de" xml:lang="en-US">Common Stock, Shares Authorized</link:label>
    <link:loc xlink:type="locator" xlink:href="https://xbrl.fasb.org/us-gaap/2022/elts/us-gaap-2022.xsd#us-gaap_CommonStockSharesOutstanding" xlink:label="us-gaap_CommonStockSharesOutstanding" />
    <link:labelArc xlink:arcrole="http://www.xbrl.org/2003/arcrole/concept-label" xlink:from="us-gaap_CommonStockSharesOutstanding" xlink:to="us-gaap_CommonStockSharesOutstanding_lbl_446dc0" xlink:type="arc" />
    <link:label xlink:type="resource" xlink:role="http://www.xbrl.org/2003/role/label" xlink:label="us-gaap_CommonStockSharesOutstanding_lbl_446dc0" xml:lang="en-US">Common Stock, Shares Outstanding</link:label>
    <link:loc xlink:type="locator" xlink:href="https://xbrl.fasb.org/us-gaap/2022/elts/us-gaap-2022.xsd#us-gaap_CommonStockSharesIssued" xlink:label="us-gaap_CommonStockSharesIssued" />
    <link:labelArc xlink:arcrole="http://www.xbrl.org/2003/arcrole/concept-label" xlink:from="us-gaap_CommonStockSharesIssued" xlink:to="us-gaap_CommonStockSharesIssued_lbl_a6f7c4" xlink:type="arc" />
    <link:label xlink:type="resource" xlink:role="http://www.xbrl.org/2003/role/label" xlink:label="us-gaap_CommonStockSharesIssued_lbl_a6f7c4" xml:lang="en-US">Common Stock, Shares Issued</link:label>
    <link:loc xlink:type="locator" xlink:href="https://xbrl.fasb.org/us-gaap/2022/elts/us-gaap-2022.xsd#us-gaap_IncomeStatementAbstract" xlink:label="us-gaap_IncomeStatementAbstract" />
    <link:labelArc xlink:arcrole="http://www.xbrl.org/2003/arcrole/concept-label" xlink:from="us-gaap_IncomeStatementAbstract" xlink:to="us-gaap_IncomeStatementAbstract_lbl_6a63c8" xlink:type="arc" />
    <link:label xlink:type="resource" xlink:role="http://www.xbrl.org/2003/role/label" xlink:label="us-gaap_IncomeStatementAbstract_lbl_6a63c8" xml:lang="en-US">STATEMENTS OF OPERATIONS (AUDITED)</link:label>
    <link:loc xlink:type="locator" xlink:href="https://xbrl.fasb.org/us-gaap/2022/elts/us-gaap-2022.xsd#us-gaap_OperatingExpensesAbstract" xlink:label="us-gaap_OperatingExpensesAbstract" />
    <link:labelArc xlink:arcrole="http://www.xbrl.org/2003/arcrole/concept-label" xlink:from="us-gaap_OperatingExpensesAbstract" xlink:to="us-gaap_OperatingExpensesAbstract_lbl_be8f3a" xlink:type="arc" />
    <link:label xlink:type="resource" xlink:role="http://www.xbrl.org/2003/role/label" xlink:label="us-gaap_OperatingExpensesAbstract_lbl_be8f3a" xml:lang="en-US">OPERATING EXPENSES</link:label>
    <link:loc xlink:type="locator" xlink:href="https://xbrl.fasb.org/us-gaap/2022/elts/us-gaap-2022.xsd#us-gaap_SellingGeneralAndAdministrativeExpense" xlink:label="us-gaap_SellingGeneralAndAdministrativeExpense" />
    <link:labelArc xlink:arcrole="http://www.xbrl.org/2003/arcrole/concept-label" xlink:from="us-gaap_SellingGeneralAndAdministrativeExpense" xlink:to="us-gaap_SellingGeneralAndAdministrativeExpense_lbl_5dd4e1" xlink:type="arc" />
    <link:label xlink:type="resource" xlink:role="http://www.xbrl.org/2003/role/label" xlink:label="us-gaap_SellingGeneralAndAdministrativeExpense_lbl_5dd4e1" xml:lang="en-US">General and administrative expenses</link:label>
    <link:labelArc xlink:arcrole="http://www.xbrl.org/2003/arcrole/concept-label" xlink:from="us-gaap_OperatingIncomeLoss" xlink:to="us-gaap_OperatingIncomeLoss_lbl_4ad2c4" xlink:type="arc" />
    <link:label xlink:type="resource" xlink:role="http://www.xbrl.org/2003/role/totalLabel" xlink:label="us-gaap_OperatingIncomeLoss_lbl_4ad2c4" xml:lang="en-US">Net loss from operations</link:label>
    <link:loc xlink:type="locator" xlink:href="https://xbrl.fasb.org/us-gaap/2022/elts/us-gaap-2022.xsd#us-gaap_OperatingIncomeLoss" xlink:label="us-gaap_OperatingIncomeLoss" />
    <link:labelArc xlink:arcrole="http://www.xbrl.org/2003/arcrole/concept-label" xlink:from="us-gaap_OperatingIncomeLoss" xlink:to="us-gaap_OperatingIncomeLoss_lbl_4" xlink:type="arc" />
    <link:label xlink:type="resource" xlink:role="http://www.xbrl.org/2003/role/label" xlink:label="us-gaap_OperatingIncomeLoss_lbl_4" xml:lang="en-US">[Operating Income (Loss)]</link:label>
    <link:labelArc xlink:arcrole="http://www.xbrl.org/2003/arcrole/concept-label" xlink:from="us-gaap_IncomeLossFromContinuingOperationsBeforeIncomeTaxesExtraordinaryItemsNoncontrollingInterest" xlink:to="us-gaap_IncomeLossFromContinuingOperationsBeforeIncomeTaxesExtraordinaryItemsNoncontrollingInterest_lbl_c29adf" xlink:type="arc" />
    <link:label xlink:type="resource" xlink:role="http://www.xbrl.org/2003/role/totalLabel" xlink:label="us-gaap_IncomeLossFromContinuingOperationsBeforeIncomeTaxesExtraordinaryItemsNoncontrollingInterest_lbl_c29adf" xml:lang="en-US">Loss before provision for income taxes</link:label>
    <link:loc xlink:type="locator" xlink:href="https://xbrl.fasb.org/us-gaap/2022/elts/us-gaap-2022.xsd#us-gaap_IncomeLossFromContinuingOperationsBeforeIncomeTaxesExtraordinaryItemsNoncontrollingInterest" xlink:label="us-gaap_IncomeLossFromContinuingOperationsBeforeIncomeTaxesExtraordinaryItemsNoncontrollingInterest" />
    <link:labelArc xlink:arcrole="http://www.xbrl.org/2003/arcrole/concept-label" xlink:from="us-gaap_IncomeLossFromContinuingOperationsBeforeIncomeTaxesExtraordinaryItemsNoncontrollingInterest" xlink:to="us-gaap_IncomeLossFromContinuingOperationsBeforeIncomeTaxesExtraordinaryItemsNoncontrollingInterest_lbl_5" xlink:type="arc" />
    <link:label xlink:type="resource" xlink:role="http://www.xbrl.org/2003/role/label" xlink:label="us-gaap_IncomeLossFromContinuingOperationsBeforeIncomeTaxesExtraordinaryItemsNoncontrollingInterest_lbl_5" xml:lang="en-US">[Income (Loss) from Continuing Operations before Income Taxes, Noncontrolling Interest]</link:label>
    <link:loc xlink:type="locator" xlink:href="https://xbrl.fasb.org/us-gaap/2022/elts/us-gaap-2022.xsd#us-gaap_IncomeTaxExpenseBenefit" xlink:label="us-gaap_IncomeTaxExpenseBenefit" />
    <link:labelArc xlink:arcrole="http://www.xbrl.org/2003/arcrole/concept-label" xlink:from="us-gaap_IncomeTaxExpenseBenefit" xlink:to="us-gaap_IncomeTaxExpenseBenefit_lbl_d50359" xlink:type="arc" />
    <link:label xlink:type="resource" xlink:role="http://www.xbrl.org/2003/role/label" xlink:label="us-gaap_IncomeTaxExpenseBenefit_lbl_d50359" xml:lang="en-US">Provision for income taxes</link:label>
    <link:labelArc xlink:arcrole="http://www.xbrl.org/2003/arcrole/concept-label" xlink:from="us-gaap_NetIncomeLoss" xlink:to="us-gaap_NetIncomeLoss_lbl_8c2d15" xlink:type="arc" />
    <link:label xlink:type="resource" xlink:role="http://www.xbrl.org/2003/role/totalLabel" xlink:label="us-gaap_NetIncomeLoss_lbl_8c2d15" xml:lang="en-US">Net income (loss)</link:label>
    <link:loc xlink:type="locator" xlink:href="https://xbrl.fasb.org/us-gaap/2022/elts/us-gaap-2022.xsd#us-gaap_NetIncomeLoss" xlink:label="us-gaap_NetIncomeLoss" />
    <link:labelArc xlink:arcrole="http://www.xbrl.org/2003/arcrole/concept-label" xlink:from="us-gaap_NetIncomeLoss" xlink:to="us-gaap_NetIncomeLoss_lbl_7" xlink:type="arc" />
    <link:label xlink:type="resource" xlink:role="http://www.xbrl.org/2003/role/label" xlink:label="us-gaap_NetIncomeLoss_lbl_7" xml:lang="en-US">[Net Income (Loss) Attributable to Parent]</link:label>
    <link:loc xlink:type="locator" xlink:href="azzurro-20220930.xsd#azzurro_EarningsPerSharesBasicAndDilutedAbstract" xlink:label="azzurro_EarningsPerSharesBasicAndDilutedAbstract" />
    <link:labelArc xlink:arcrole="http://www.xbrl.org/2003/arcrole/concept-label" xlink:from="azzurro_EarningsPerSharesBasicAndDilutedAbstract" xlink:to="azzurro_EarningsPerSharesBasicAndDilutedAbstract_lbl_d0c6f9" xlink:type="arc" />
    <link:label xlink:type="resource" xlink:role="http://www.xbrl.org/2003/role/label" xlink:label="azzurro_EarningsPerSharesBasicAndDilutedAbstract_lbl_d0c6f9" xml:lang="en-US">Income (loss) per common share:</link:label>
    <link:loc xlink:type="locator" xlink:href="azzurro-20220930.xsd#azzurro_EarningsPerShareBasicsAndDiluted" xlink:label="azzurro_EarningsPerShareBasicsAndDiluted" />
    <link:labelArc xlink:arcrole="http://www.xbrl.org/2003/arcrole/concept-label" xlink:from="azzurro_EarningsPerShareBasicsAndDiluted" xlink:to="azzurro_EarningsPerShareBasicsAndDiluted_lbl_1afa15" xlink:type="arc" />
    <link:label xlink:type="resource" xlink:role="http://www.xbrl.org/2003/role/label" xlink:label="azzurro_EarningsPerShareBasicsAndDiluted_lbl_1afa15" xml:lang="en-US">Basic and Diluted</link:label>
    <link:loc xlink:type="locator" xlink:href="https://xbrl.fasb.org/us-gaap/2022/elts/us-gaap-2022.xsd#us-gaap_WeightedAverageNumberOfSharesOutstandingAbstract" xlink:label="us-gaap_WeightedAverageNumberOfSharesOutstandingAbstract" />
    <link:labelArc xlink:arcrole="http://www.xbrl.org/2003/arcrole/concept-label" xlink:from="us-gaap_WeightedAverageNumberOfSharesOutstandingAbstract" xlink:to="us-gaap_WeightedAverageNumberOfSharesOutstandingAbstract_lbl_75bfbf" xlink:type="arc" />
    <link:label xlink:type="resource" xlink:role="http://www.xbrl.org/2003/role/label" xlink:label="us-gaap_WeightedAverageNumberOfSharesOutstandingAbstract_lbl_75bfbf" xml:lang="en-US">Weighted Average Number of Common Shares Outstanding:</link:label>
    <link:labelArc xlink:arcrole="http://www.xbrl.org/2003/arcrole/concept-label" xlink:from="azzurro_WeightedAverageNumberOfShareOutstandingBasicsAndDiluted" xlink:to="azzurro_WeightedAverageNumberOfShareOutstandingBasicsAndDiluted_lbl_2cff3c" xlink:type="arc" />
    <link:label xlink:type="resource" xlink:role="http://www.xbrl.org/2003/role/verboseLabel" xlink:label="azzurro_WeightedAverageNumberOfShareOutstandingBasicsAndDiluted_lbl_2cff3c" xml:lang="en-US">Basic and Diluted</link:label>
    <link:loc xlink:type="locator" xlink:href="azzurro-20220930.xsd#azzurro_WeightedAverageNumberOfShareOutstandingBasicsAndDiluted" xlink:label="azzurro_WeightedAverageNumberOfShareOutstandingBasicsAndDiluted" />
    <link:labelArc xlink:arcrole="http://www.xbrl.org/2003/arcrole/concept-label" xlink:from="azzurro_WeightedAverageNumberOfShareOutstandingBasicsAndDiluted" xlink:to="azzurro_WeightedAverageNumberOfShareOutstandingBasicsAndDiluted_lbl_11" xlink:type="arc" />
    <link:label xlink:type="resource" xlink:role="http://www.xbrl.org/2003/role/label" xlink:label="azzurro_WeightedAverageNumberOfShareOutstandingBasicsAndDiluted_lbl_11" xml:lang="en-US">[Basic and Diluted]</link:label>
    <link:loc xlink:type="locator" xlink:href="https://xbrl.fasb.org/us-gaap/2022/elts/us-gaap-2022.xsd#us-gaap_StatementOfStockholdersEquityAbstract" xlink:label="us-gaap_StatementOfStockholdersEquityAbstract" />
    <link:labelArc xlink:arcrole="http://www.xbrl.org/2003/arcrole/concept-label" xlink:from="us-gaap_StatementOfStockholdersEquityAbstract" xlink:to="us-gaap_StatementOfStockholdersEquityAbstract_lbl_88b5c8" xlink:type="arc" />
    <link:label xlink:type="resource" xlink:role="http://www.xbrl.org/2003/role/label" xlink:label="us-gaap_StatementOfStockholdersEquityAbstract_lbl_88b5c8" xml:lang="en-US">STATEMENT OF STOCKHOLDERS EQUITY (AUDITED)</link:label>
    <link:loc xlink:type="locator" xlink:href="https://xbrl.fasb.org/us-gaap/2022/elts/us-gaap-2022.xsd#us-gaap_StatementTable" xlink:label="us-gaap_StatementTable" />
    <link:labelArc xlink:arcrole="http://www.xbrl.org/2003/arcrole/concept-label" xlink:from="us-gaap_StatementTable" xlink:to="us-gaap_StatementTable_lbl_5c10eb" xlink:type="arc" />
    <link:label xlink:type="resource" xlink:role="http://www.xbrl.org/2003/role/label" xlink:label="us-gaap_StatementTable_lbl_5c10eb" xml:lang="en-US">Statement [Table]</link:label>
    <link:loc xlink:type="locator" xlink:href="https://xbrl.fasb.org/us-gaap/2022/elts/us-gaap-2022.xsd#us-gaap_StatementLineItems" xlink:label="us-gaap_StatementLineItems" />
    <link:labelArc xlink:arcrole="http://www.xbrl.org/2003/arcrole/concept-label" xlink:from="us-gaap_StatementLineItems" xlink:to="us-gaap_StatementLineItems_lbl_d56e10" xlink:type="arc" />
    <link:label xlink:type="resource" xlink:role="http://www.xbrl.org/2003/role/label" xlink:label="us-gaap_StatementLineItems_lbl_d56e10" xml:lang="en-US">Statement [Line Items]</link:label>
    <link:loc xlink:type="locator" xlink:href="https://xbrl.fasb.org/us-gaap/2022/elts/us-gaap-2022.xsd#us-gaap_StatementEquityComponentsAxis" xlink:label="us-gaap_StatementEquityComponentsAxis" />
    <link:labelArc xlink:arcrole="http://www.xbrl.org/2003/arcrole/concept-label" xlink:from="us-gaap_StatementEquityComponentsAxis" xlink:to="us-gaap_StatementEquityComponentsAxis_lbl_b25e5e" xlink:type="arc" />
    <link:label xlink:type="resource" xlink:role="http://www.xbrl.org/2003/role/label" xlink:label="us-gaap_StatementEquityComponentsAxis_lbl_b25e5e" xml:lang="en-US">Statement Equity Components [Axis]</link:label>
    <link:loc xlink:type="locator" xlink:href="https://xbrl.fasb.org/us-gaap/2022/elts/us-gaap-2022.xsd#us-gaap_CommonStockMember" xlink:label="us-gaap_CommonStockMember" />
    <link:labelArc xlink:arcrole="http://www.xbrl.org/2003/arcrole/concept-label" xlink:from="us-gaap_CommonStockMember" xlink:to="us-gaap_CommonStockMember_lbl_c58750" xlink:type="arc" />
    <link:label xlink:type="resource" xlink:role="http://www.xbrl.org/2003/role/label" xlink:label="us-gaap_CommonStockMember_lbl_c58750" xml:lang="en-US">Common Stock</link:label>
    <link:loc xlink:type="locator" xlink:href="https://xbrl.fasb.org/us-gaap/2022/elts/us-gaap-2022.xsd#us-gaap_AdditionalPaidInCapitalMember" xlink:label="us-gaap_AdditionalPaidInCapitalMember" />
    <link:labelArc xlink:arcrole="http://www.xbrl.org/2003/arcrole/concept-label" xlink:from="us-gaap_AdditionalPaidInCapitalMember" xlink:to="us-gaap_AdditionalPaidInCapitalMember_lbl_b2f1da" xlink:type="arc" />
    <link:label xlink:type="resource" xlink:role="http://www.xbrl.org/2003/role/label" xlink:label="us-gaap_AdditionalPaidInCapitalMember_lbl_b2f1da" xml:lang="en-US">Additional Paid-In Capital</link:label>
    <link:labelArc xlink:arcrole="http://www.xbrl.org/2003/arcrole/concept-label" xlink:from="us-gaap_RetainedEarningsMember" xlink:to="us-gaap_RetainedEarningsMember_lbl_244705" xlink:type="arc" />
    <link:label xlink:type="resource" xlink:role="http://www.xbrl.org/2003/role/verboseLabel" xlink:label="us-gaap_RetainedEarningsMember_lbl_244705" xml:lang="en-US">Accumulated Deficit</link:label>
    <link:loc xlink:type="locator" xlink:href="https://xbrl.fasb.org/us-gaap/2022/elts/us-gaap-2022.xsd#us-gaap_RetainedEarningsMember" xlink:label="us-gaap_RetainedEarningsMember" />
    <link:labelArc xlink:arcrole="http://www.xbrl.org/2003/arcrole/concept-label" xlink:from="us-gaap_RetainedEarningsMember" xlink:to="us-gaap_RetainedEarningsMember_lbl_24" xlink:type="arc" />
    <link:label xlink:type="resource" xlink:role="http://www.xbrl.org/2003/role/label" xlink:label="us-gaap_RetainedEarningsMember_lbl_24" xml:lang="en-US">Retained Earnings [Member]</link:label>
    <link:labelArc xlink:arcrole="http://www.xbrl.org/2003/arcrole/concept-label" xlink:from="us-gaap_SharesIssued" xlink:to="us-gaap_SharesIssued_lbl_6ac2dc" xlink:type="arc" />
    <link:label xlink:type="resource" xlink:role="http://www.xbrl.org/2003/role/periodStartLabel" xlink:label="us-gaap_SharesIssued_lbl_6ac2dc" xml:lang="en-US">Balance, shares</link:label>
    <link:loc xlink:type="locator" xlink:href="https://xbrl.fasb.org/us-gaap/2022/elts/us-gaap-2022.xsd#us-gaap_SharesIssued" xlink:label="us-gaap_SharesIssued" />
    <link:labelArc xlink:arcrole="http://www.xbrl.org/2003/arcrole/concept-label" xlink:from="us-gaap_SharesIssued" xlink:to="us-gaap_SharesIssued_lbl_2" xlink:type="arc" />
    <link:label xlink:type="resource" xlink:role="http://www.xbrl.org/2003/role/label" xlink:label="us-gaap_SharesIssued_lbl_2" xml:lang="en-US">[Shares, Issued]</link:label>
    <link:labelArc xlink:arcrole="http://www.xbrl.org/2003/arcrole/concept-label" xlink:from="us-gaap_StockholdersEquity" xlink:to="us-gaap_StockholdersEquity_lbl_d43500" xlink:type="arc" />
    <link:label xlink:type="resource" xlink:role="http://www.xbrl.org/2003/role/periodStartLabel" xlink:label="us-gaap_StockholdersEquity_lbl_d43500" xml:lang="en-US">Balance, amount</link:label>
    <link:loc xlink:type="locator" xlink:href="https://xbrl.fasb.org/us-gaap/2022/elts/us-gaap-2022.xsd#us-gaap_StockIssuedDuringPeriodSharesNewIssues" xlink:label="us-gaap_StockIssuedDuringPeriodSharesNewIssues" />
    <link:labelArc xlink:arcrole="http://www.xbrl.org/2003/arcrole/concept-label" xlink:from="us-gaap_StockIssuedDuringPeriodSharesNewIssues" xlink:to="us-gaap_StockIssuedDuringPeriodSharesNewIssues_lbl_0f3e75" xlink:type="arc" />
    <link:label xlink:type="resource" xlink:role="http://www.xbrl.org/2003/role/label" xlink:label="us-gaap_StockIssuedDuringPeriodSharesNewIssues_lbl_0f3e75" xml:lang="en-US">Shares issued at $0.03, shares</link:label>
    <link:loc xlink:type="locator" xlink:href="https://xbrl.fasb.org/us-gaap/2022/elts/us-gaap-2022.xsd#us-gaap_StockIssuedDuringPeriodValueNewIssues" xlink:label="us-gaap_StockIssuedDuringPeriodValueNewIssues" />
    <link:labelArc xlink:arcrole="http://www.xbrl.org/2003/arcrole/concept-label" xlink:from="us-gaap_StockIssuedDuringPeriodValueNewIssues" xlink:to="us-gaap_StockIssuedDuringPeriodValueNewIssues_lbl_09fe8e" xlink:type="arc" />
    <link:label xlink:type="resource" xlink:role="http://www.xbrl.org/2003/role/label" xlink:label="us-gaap_StockIssuedDuringPeriodValueNewIssues_lbl_09fe8e" xml:lang="en-US">Shares issued at $0.03, amount</link:label>
    <link:labelArc xlink:arcrole="http://www.xbrl.org/2003/arcrole/concept-label" xlink:from="us-gaap_NetIncomeLoss" xlink:to="us-gaap_NetIncomeLoss_lbl_23666a" xlink:type="arc" />
    <link:label xlink:type="resource" xlink:role="http://www.xbrl.org/2003/role/verboseLabel" xlink:label="us-gaap_NetIncomeLoss_lbl_23666a" xml:lang="en-US">Net income (loss)</link:label>
    <link:labelArc xlink:arcrole="http://www.xbrl.org/2003/arcrole/concept-label" xlink:from="us-gaap_SharesIssued" xlink:to="us-gaap_SharesIssued_lbl_440f27" xlink:type="arc" />
    <link:label xlink:type="resource" xlink:role="http://www.xbrl.org/2003/role/periodEndLabel" xlink:label="us-gaap_SharesIssued_lbl_440f27" xml:lang="en-US">Balance, shares</link:label>
    <link:labelArc xlink:arcrole="http://www.xbrl.org/2003/arcrole/concept-label" xlink:from="us-gaap_StockholdersEquity" xlink:to="us-gaap_StockholdersEquity_lbl_722dbe" xlink:type="arc" />
    <link:label xlink:type="resource" xlink:role="http://www.xbrl.org/2003/role/periodEndLabel" xlink:label="us-gaap_StockholdersEquity_lbl_722dbe" xml:lang="en-US">Balance, amount</link:label>
    <link:loc xlink:type="locator" xlink:href="https://xbrl.fasb.org/us-gaap/2022/elts/us-gaap-2022.xsd#us-gaap_StatementOfCashFlowsAbstract" xlink:label="us-gaap_StatementOfCashFlowsAbstract" />
    <link:labelArc xlink:arcrole="http://www.xbrl.org/2003/arcrole/concept-label" xlink:from="us-gaap_StatementOfCashFlowsAbstract" xlink:to="us-gaap_StatementOfCashFlowsAbstract_lbl_825d88" xlink:type="arc" />
    <link:label xlink:type="resource" xlink:role="http://www.xbrl.org/2003/role/label" xlink:label="us-gaap_StatementOfCashFlowsAbstract_lbl_825d88" xml:lang="en-US">STATEMENTS OF CASH FLOWS (AUDITED)</link:label>
    <link:loc xlink:type="locator" xlink:href="https://xbrl.fasb.org/us-gaap/2022/elts/us-gaap-2022.xsd#us-gaap_NetCashProvidedByUsedInOperatingActivitiesAbstract" xlink:label="us-gaap_NetCashProvidedByUsedInOperatingActivitiesAbstract" />
    <link:labelArc xlink:arcrole="http://www.xbrl.org/2003/arcrole/concept-label" xlink:from="us-gaap_NetCashProvidedByUsedInOperatingActivitiesAbstract" xlink:to="us-gaap_NetCashProvidedByUsedInOperatingActivitiesAbstract_lbl_2c8d11" xlink:type="arc" />
    <link:label xlink:type="resource" xlink:role="http://www.xbrl.org/2003/role/label" xlink:label="us-gaap_NetCashProvidedByUsedInOperatingActivitiesAbstract_lbl_2c8d11" xml:lang="en-US">CASH FLOWS FROM OPERATING ACTIVITIES</link:label>
    <link:labelArc xlink:arcrole="http://www.xbrl.org/2003/arcrole/concept-label" xlink:from="us-gaap_ProfitLoss" xlink:to="us-gaap_ProfitLoss_lbl_f9a571" xlink:type="arc" />
    <link:label xlink:type="resource" xlink:role="http://www.xbrl.org/2009/role/negatedLabel" xlink:label="us-gaap_ProfitLoss_lbl_f9a571" xml:lang="en-US">Net loss</link:label>
    <link:loc xlink:type="locator" xlink:href="https://xbrl.fasb.org/us-gaap/2022/elts/us-gaap-2022.xsd#us-gaap_ProfitLoss" xlink:label="us-gaap_ProfitLoss" />
    <link:labelArc xlink:arcrole="http://www.xbrl.org/2003/arcrole/concept-label" xlink:from="us-gaap_ProfitLoss" xlink:to="us-gaap_ProfitLoss_lbl_3" xlink:type="arc" />
    <link:label xlink:type="resource" xlink:role="http://www.xbrl.org/2003/role/label" xlink:label="us-gaap_ProfitLoss_lbl_3" xml:lang="en-US">[Net Income (Loss), Including Portion Attributable to Noncontrolling Interest]</link:label>
    <link:labelArc xlink:arcrole="http://www.xbrl.org/2003/arcrole/concept-label" xlink:from="us-gaap_IncreaseDecreaseInAccountsPayable" xlink:to="us-gaap_IncreaseDecreaseInAccountsPayable_lbl_59ff54" xlink:type="arc" />
    <link:label xlink:type="resource" xlink:role="http://www.xbrl.org/2003/role/verboseLabel" xlink:label="us-gaap_IncreaseDecreaseInAccountsPayable_lbl_59ff54" xml:lang="en-US">Accounts payable</link:label>
    <link:loc xlink:type="locator" xlink:href="https://xbrl.fasb.org/us-gaap/2022/elts/us-gaap-2022.xsd#us-gaap_IncreaseDecreaseInAccountsPayable" xlink:label="us-gaap_IncreaseDecreaseInAccountsPayable" />
    <link:labelArc xlink:arcrole="http://www.xbrl.org/2003/arcrole/concept-label" xlink:from="us-gaap_IncreaseDecreaseInAccountsPayable" xlink:to="us-gaap_IncreaseDecreaseInAccountsPayable_lbl_4" xlink:type="arc" />
    <link:label xlink:type="resource" xlink:role="http://www.xbrl.org/2003/role/label" xlink:label="us-gaap_IncreaseDecreaseInAccountsPayable_lbl_4" xml:lang="en-US">[Increase (Decrease) in Accounts Payable]</link:label>
    <link:labelArc xlink:arcrole="http://www.xbrl.org/2003/arcrole/concept-label" xlink:from="us-gaap_NetCashProvidedByUsedInOperatingActivities" xlink:to="us-gaap_NetCashProvidedByUsedInOperatingActivities_lbl_3ed1bc" xlink:type="arc" />
    <link:label xlink:type="resource" xlink:role="http://www.xbrl.org/2003/role/totalLabel" xlink:label="us-gaap_NetCashProvidedByUsedInOperatingActivities_lbl_3ed1bc" xml:lang="en-US">Net cash provided by operating activities</link:label>
    <link:loc xlink:type="locator" xlink:href="https://xbrl.fasb.org/us-gaap/2022/elts/us-gaap-2022.xsd#us-gaap_NetCashProvidedByUsedInOperatingActivities" xlink:label="us-gaap_NetCashProvidedByUsedInOperatingActivities" />
    <link:labelArc xlink:arcrole="http://www.xbrl.org/2003/arcrole/concept-label" xlink:from="us-gaap_NetCashProvidedByUsedInOperatingActivities" xlink:to="us-gaap_NetCashProvidedByUsedInOperatingActivities_lbl_5" xlink:type="arc" />
    <link:label xlink:type="resource" xlink:role="http://www.xbrl.org/2003/role/label" xlink:label="us-gaap_NetCashProvidedByUsedInOperatingActivities_lbl_5" xml:lang="en-US">[Net Cash Provided by (Used in) Operating Activities]</link:label>
    <link:loc xlink:type="locator" xlink:href="https://xbrl.fasb.org/us-gaap/2022/elts/us-gaap-2022.xsd#us-gaap_NetCashProvidedByUsedInFinancingActivitiesAbstract" xlink:label="us-gaap_NetCashProvidedByUsedInFinancingActivitiesAbstract" />
    <link:labelArc xlink:arcrole="http://www.xbrl.org/2003/arcrole/concept-label" xlink:from="us-gaap_NetCashProvidedByUsedInFinancingActivitiesAbstract" xlink:to="us-gaap_NetCashProvidedByUsedInFinancingActivitiesAbstract_lbl_ed575b" xlink:type="arc" />
    <link:label xlink:type="resource" xlink:role="http://www.xbrl.org/2003/role/label" xlink:label="us-gaap_NetCashProvidedByUsedInFinancingActivitiesAbstract_lbl_ed575b" xml:lang="en-US">CASH FLOWS FROM FINANCING ACTIVITIES</link:label>
    <link:loc xlink:type="locator" xlink:href="https://xbrl.fasb.org/us-gaap/2022/elts/us-gaap-2022.xsd#us-gaap_ProceedsFromRelatedPartyDebt" xlink:label="us-gaap_ProceedsFromRelatedPartyDebt" />
    <link:labelArc xlink:arcrole="http://www.xbrl.org/2003/arcrole/concept-label" xlink:from="us-gaap_ProceedsFromRelatedPartyDebt" xlink:to="us-gaap_ProceedsFromRelatedPartyDebt_lbl_dad991" xlink:type="arc" />
    <link:label xlink:type="resource" xlink:role="http://www.xbrl.org/2003/role/label" xlink:label="us-gaap_ProceedsFromRelatedPartyDebt_lbl_dad991" xml:lang="en-US">Proceeds of loan from shareholder</link:label>
    <link:loc xlink:type="locator" xlink:href="https://xbrl.fasb.org/us-gaap/2022/elts/us-gaap-2022.xsd#us-gaap_ProceedsFromIssuanceOfCommonStock" xlink:label="us-gaap_ProceedsFromIssuanceOfCommonStock" />
    <link:labelArc xlink:arcrole="http://www.xbrl.org/2003/arcrole/concept-label" xlink:from="us-gaap_ProceedsFromIssuanceOfCommonStock" xlink:to="us-gaap_ProceedsFromIssuanceOfCommonStock_lbl_969474" xlink:type="arc" />
    <link:label xlink:type="resource" xlink:role="http://www.xbrl.org/2003/role/label" xlink:label="us-gaap_ProceedsFromIssuanceOfCommonStock_lbl_969474" xml:lang="en-US">Proceeds from issuance of common shares</link:label>
    <link:labelArc xlink:arcrole="http://www.xbrl.org/2003/arcrole/concept-label" xlink:from="us-gaap_NetCashProvidedByUsedInFinancingActivities" xlink:to="us-gaap_NetCashProvidedByUsedInFinancingActivities_lbl_03a649" xlink:type="arc" />
    <link:label xlink:type="resource" xlink:role="http://www.xbrl.org/2003/role/totalLabel" xlink:label="us-gaap_NetCashProvidedByUsedInFinancingActivities_lbl_03a649" xml:lang="en-US">Net cash provided by financing activities</link:label>
    <link:loc xlink:type="locator" xlink:href="https://xbrl.fasb.org/us-gaap/2022/elts/us-gaap-2022.xsd#us-gaap_NetCashProvidedByUsedInFinancingActivities" xlink:label="us-gaap_NetCashProvidedByUsedInFinancingActivities" />
    <link:labelArc xlink:arcrole="http://www.xbrl.org/2003/arcrole/concept-label" xlink:from="us-gaap_NetCashProvidedByUsedInFinancingActivities" xlink:to="us-gaap_NetCashProvidedByUsedInFinancingActivities_lbl_9" xlink:type="arc" />
    <link:label xlink:type="resource" xlink:role="http://www.xbrl.org/2003/role/label" xlink:label="us-gaap_NetCashProvidedByUsedInFinancingActivities_lbl_9" xml:lang="en-US">[Net Cash Provided by (Used in) Financing Activities]</link:label>
    <link:labelArc xlink:arcrole="http://www.xbrl.org/2003/arcrole/concept-label" xlink:from="us-gaap_CashCashEquivalentsRestrictedCashAndRestrictedCashEquivalentsPeriodIncreaseDecreaseIncludingExchangeRateEffect" xlink:to="us-gaap_CashCashEquivalentsRestrictedCashAndRestrictedCashEquivalentsPeriodIncreaseDecreaseIncludingExchangeRateEffect_lbl_45b130" xlink:type="arc" />
    <link:label xlink:type="resource" xlink:role="http://www.xbrl.org/2003/role/totalLabel" xlink:label="us-gaap_CashCashEquivalentsRestrictedCashAndRestrictedCashEquivalentsPeriodIncreaseDecreaseIncludingExchangeRateEffect_lbl_45b130" xml:lang="en-US">Net decrease in cash and equivalents</link:label>
    <link:loc xlink:type="locator" xlink:href="https://xbrl.fasb.org/us-gaap/2022/elts/us-gaap-2022.xsd#us-gaap_CashCashEquivalentsRestrictedCashAndRestrictedCashEquivalentsPeriodIncreaseDecreaseIncludingExchangeRateEffect" xlink:label="us-gaap_CashCashEquivalentsRestrictedCashAndRestrictedCashEquivalentsPeriodIncreaseDecreaseIncludingExchangeRateEffect" />
    <link:labelArc xlink:arcrole="http://www.xbrl.org/2003/arcrole/concept-label" xlink:from="us-gaap_CashCashEquivalentsRestrictedCashAndRestrictedCashEquivalentsPeriodIncreaseDecreaseIncludingExchangeRateEffect" xlink:to="us-gaap_CashCashEquivalentsRestrictedCashAndRestrictedCashEquivalentsPeriodIncreaseDecreaseIncludingExchangeRateEffect_lbl_10" xlink:type="arc" />
    <link:label xlink:type="resource" xlink:role="http://www.xbrl.org/2003/role/label" xlink:label="us-gaap_CashCashEquivalentsRestrictedCashAndRestrictedCashEquivalentsPeriodIncreaseDecreaseIncludingExchangeRateEffect_lbl_10" xml:lang="en-US">[Cash, Cash Equivalents, Restricted Cash, and Restricted Cash Equivalents, Period Increase (Decrease), Including Exchange Rate Effect]</link:label>
    <link:labelArc xlink:arcrole="http://www.xbrl.org/2003/arcrole/concept-label" xlink:from="us-gaap_CashCashEquivalentsRestrictedCashAndRestrictedCashEquivalents" xlink:to="us-gaap_CashCashEquivalentsRestrictedCashAndRestrictedCashEquivalents_lbl_796a07" xlink:type="arc" />
    <link:label xlink:type="resource" xlink:role="http://www.xbrl.org/2003/role/periodStartLabel" xlink:label="us-gaap_CashCashEquivalentsRestrictedCashAndRestrictedCashEquivalents_lbl_796a07" xml:lang="en-US">Cash and equivalents at beginning of the period</link:label>
    <link:loc xlink:type="locator" xlink:href="https://xbrl.fasb.org/us-gaap/2022/elts/us-gaap-2022.xsd#us-gaap_CashCashEquivalentsRestrictedCashAndRestrictedCashEquivalents" xlink:label="us-gaap_CashCashEquivalentsRestrictedCashAndRestrictedCashEquivalents" />
    <link:labelArc xlink:arcrole="http://www.xbrl.org/2003/arcrole/concept-label" xlink:from="us-gaap_CashCashEquivalentsRestrictedCashAndRestrictedCashEquivalents" xlink:to="us-gaap_CashCashEquivalentsRestrictedCashAndRestrictedCashEquivalents_lbl_11" xlink:type="arc" />
    <link:label xlink:type="resource" xlink:role="http://www.xbrl.org/2003/role/label" xlink:label="us-gaap_CashCashEquivalentsRestrictedCashAndRestrictedCashEquivalents_lbl_11" xml:lang="en-US">[Cash, Cash Equivalents, Restricted Cash, and Restricted Cash Equivalents]</link:label>
    <link:labelArc xlink:arcrole="http://www.xbrl.org/2003/arcrole/concept-label" xlink:from="us-gaap_CashCashEquivalentsRestrictedCashAndRestrictedCashEquivalents" xlink:to="us-gaap_CashCashEquivalentsRestrictedCashAndRestrictedCashEquivalents_lbl_0e485d" xlink:type="arc" />
    <link:label xlink:type="resource" xlink:role="http://www.xbrl.org/2003/role/periodEndLabel" xlink:label="us-gaap_CashCashEquivalentsRestrictedCashAndRestrictedCashEquivalents_lbl_0e485d" xml:lang="en-US">Cash and equivalents at end of the year/ period</link:label>
    <link:loc xlink:type="locator" xlink:href="https://xbrl.fasb.org/us-gaap/2022/elts/us-gaap-2022.xsd#us-gaap_SupplementalCashFlowInformationAbstract" xlink:label="us-gaap_SupplementalCashFlowInformationAbstract" />
    <link:labelArc xlink:arcrole="http://www.xbrl.org/2003/arcrole/concept-label" xlink:from="us-gaap_SupplementalCashFlowInformationAbstract" xlink:to="us-gaap_SupplementalCashFlowInformationAbstract_lbl_413398" xlink:type="arc" />
    <link:label xlink:type="resource" xlink:role="http://www.xbrl.org/2003/role/label" xlink:label="us-gaap_SupplementalCashFlowInformationAbstract_lbl_413398" xml:lang="en-US">Supplemental cash flow information:</link:label>
    <link:loc xlink:type="locator" xlink:href="azzurro-20220930.xsd#azzurro_CashPaidForAbstract" xlink:label="azzurro_CashPaidForAbstract" />
    <link:labelArc xlink:arcrole="http://www.xbrl.org/2003/arcrole/concept-label" xlink:from="azzurro_CashPaidForAbstract" xlink:to="azzurro_CashPaidForAbstract_lbl_238f19" xlink:type="arc" />
    <link:label xlink:type="resource" xlink:role="http://www.xbrl.org/2003/role/label" xlink:label="azzurro_CashPaidForAbstract_lbl_238f19" xml:lang="en-US">Cash paid for:</link:label>
    <link:loc xlink:type="locator" xlink:href="https://xbrl.fasb.org/us-gaap/2022/elts/us-gaap-2022.xsd#us-gaap_InterestPaid" xlink:label="us-gaap_InterestPaid" />
    <link:labelArc xlink:arcrole="http://www.xbrl.org/2003/arcrole/concept-label" xlink:from="us-gaap_InterestPaid" xlink:to="us-gaap_InterestPaid_lbl_e1f66f" xlink:type="arc" />
    <link:label xlink:type="resource" xlink:role="http://www.xbrl.org/2003/role/label" xlink:label="us-gaap_InterestPaid_lbl_e1f66f" xml:lang="en-US">Interest</link:label>
    <link:loc xlink:type="locator" xlink:href="https://xbrl.fasb.org/us-gaap/2022/elts/us-gaap-2022.xsd#us-gaap_IncomeTaxesPaid" xlink:label="us-gaap_IncomeTaxesPaid" />
    <link:labelArc xlink:arcrole="http://www.xbrl.org/2003/arcrole/concept-label" xlink:from="us-gaap_IncomeTaxesPaid" xlink:to="us-gaap_IncomeTaxesPaid_lbl_742e11" xlink:type="arc" />
    <link:label xlink:type="resource" xlink:role="http://www.xbrl.org/2003/role/label" xlink:label="us-gaap_IncomeTaxesPaid_lbl_742e11" xml:lang="en-US">Taxes</link:label>
    <link:loc xlink:type="locator" xlink:href="https://xbrl.fasb.org/us-gaap/2022/elts/us-gaap-2022.xsd#us-gaap_OrganizationConsolidationAndPresentationOfFinancialStatementsAbstract" xlink:label="us-gaap_OrganizationConsolidationAndPresentationOfFinancialStatementsAbstract" />
    <link:labelArc xlink:arcrole="http://www.xbrl.org/2003/arcrole/concept-label" xlink:from="us-gaap_OrganizationConsolidationAndPresentationOfFinancialStatementsAbstract" xlink:to="us-gaap_OrganizationConsolidationAndPresentationOfFinancialStatementsAbstract_lbl_586d99" xlink:type="arc" />
    <link:label xlink:type="resource" xlink:role="http://www.xbrl.org/2003/role/label" xlink:label="us-gaap_OrganizationConsolidationAndPresentationOfFinancialStatementsAbstract_lbl_586d99" xml:lang="en-US">ORGANIZATION AND BUSINESS</link:label>
    <link:loc xlink:type="locator" xlink:href="https://xbrl.fasb.org/us-gaap/2022/elts/us-gaap-2022.xsd#us-gaap_OrganizationConsolidationAndPresentationOfFinancialStatementsDisclosureTextBlock" xlink:label="us-gaap_OrganizationConsolidationAndPresentationOfFinancialStatementsDisclosureTextBlock" />
    <link:labelArc xlink:arcrole="http://www.xbrl.org/2003/arcrole/concept-label" xlink:from="us-gaap_OrganizationConsolidationAndPresentationOfFinancialStatementsDisclosureTextBlock" xlink:to="us-gaap_OrganizationConsolidationAndPresentationOfFinancialStatementsDisclosureTextBlock_lbl_b897fd" xlink:type="arc" />
    <link:label xlink:type="resource" xlink:role="http://www.xbrl.org/2003/role/label" xlink:label="us-gaap_OrganizationConsolidationAndPresentationOfFinancialStatementsDisclosureTextBlock_lbl_b897fd" xml:lang="en-US">NOTE 1 - ORGANIZATION AND BUSINESS</link:label>
    <link:loc xlink:type="locator" xlink:href="https://xbrl.fasb.org/us-gaap/2022/elts/us-gaap-2022.xsd#us-gaap_RisksAndUncertaintiesAbstract" xlink:label="us-gaap_RisksAndUncertaintiesAbstract" />
    <link:labelArc xlink:arcrole="http://www.xbrl.org/2003/arcrole/concept-label" xlink:from="us-gaap_RisksAndUncertaintiesAbstract" xlink:to="us-gaap_RisksAndUncertaintiesAbstract_lbl_2c16da" xlink:type="arc" />
    <link:label xlink:type="resource" xlink:role="http://www.xbrl.org/2003/role/label" xlink:label="us-gaap_RisksAndUncertaintiesAbstract_lbl_2c16da" xml:lang="en-US">GOING CONCERN</link:label>
    <link:loc xlink:type="locator" xlink:href="https://xbrl.fasb.org/us-gaap/2022/elts/us-gaap-2022.xsd#us-gaap_SubstantialDoubtAboutGoingConcernTextBlock" xlink:label="us-gaap_SubstantialDoubtAboutGoingConcernTextBlock" />
    <link:labelArc xlink:arcrole="http://www.xbrl.org/2003/arcrole/concept-label" xlink:from="us-gaap_SubstantialDoubtAboutGoingConcernTextBlock" xlink:to="us-gaap_SubstantialDoubtAboutGoingConcernTextBlock_lbl_792f91" xlink:type="arc" />
    <link:label xlink:type="resource" xlink:role="http://www.xbrl.org/2003/role/label" xlink:label="us-gaap_SubstantialDoubtAboutGoingConcernTextBlock_lbl_792f91" xml:lang="en-US">NOTE 2 - GOING CONCERN</link:label>
    <link:loc xlink:type="locator" xlink:href="https://xbrl.fasb.org/us-gaap/2022/elts/us-gaap-2022.xsd#us-gaap_AccountingPoliciesAbstract" xlink:label="us-gaap_AccountingPoliciesAbstract" />
    <link:labelArc xlink:arcrole="http://www.xbrl.org/2003/arcrole/concept-label" xlink:from="us-gaap_AccountingPoliciesAbstract" xlink:to="us-gaap_AccountingPoliciesAbstract_lbl_ed8df9" xlink:type="arc" />
    <link:label xlink:type="resource" xlink:role="http://www.xbrl.org/2003/role/label" xlink:label="us-gaap_AccountingPoliciesAbstract_lbl_ed8df9" xml:lang="en-US">SUMMARY OF SIGNIFICANT ACCOUNTING POLICIES</link:label>
    <link:loc xlink:type="locator" xlink:href="https://xbrl.fasb.org/us-gaap/2022/elts/us-gaap-2022.xsd#us-gaap_SignificantAccountingPoliciesTextBlock" xlink:label="us-gaap_SignificantAccountingPoliciesTextBlock" />
    <link:labelArc xlink:arcrole="http://www.xbrl.org/2003/arcrole/concept-label" xlink:from="us-gaap_SignificantAccountingPoliciesTextBlock" xlink:to="us-gaap_SignificantAccountingPoliciesTextBlock_lbl_7434b1" xlink:type="arc" />
    <link:label xlink:type="resource" xlink:role="http://www.xbrl.org/2003/role/label" xlink:label="us-gaap_SignificantAccountingPoliciesTextBlock_lbl_7434b1" xml:lang="en-US">NOTE 3 - SUMMARY OF SIGNIFICANT ACCOUNTING POLICIES</link:label>
    <link:loc xlink:type="locator" xlink:href="https://xbrl.fasb.org/us-gaap/2022/elts/us-gaap-2022.xsd#us-gaap_EquityAbstract" xlink:label="us-gaap_EquityAbstract" />
    <link:labelArc xlink:arcrole="http://www.xbrl.org/2003/arcrole/concept-label" xlink:from="us-gaap_EquityAbstract" xlink:to="us-gaap_EquityAbstract_lbl_a62cff" xlink:type="arc" />
    <link:label xlink:type="resource" xlink:role="http://www.xbrl.org/2003/role/label" xlink:label="us-gaap_EquityAbstract_lbl_a62cff" xml:lang="en-US">CAPITAL STOCK</link:label>
    <link:loc xlink:type="locator" xlink:href="https://xbrl.fasb.org/us-gaap/2022/elts/us-gaap-2022.xsd#us-gaap_StockholdersEquityNoteDisclosureTextBlock" xlink:label="us-gaap_StockholdersEquityNoteDisclosureTextBlock" />
    <link:labelArc xlink:arcrole="http://www.xbrl.org/2003/arcrole/concept-label" xlink:from="us-gaap_StockholdersEquityNoteDisclosureTextBlock" xlink:to="us-gaap_StockholdersEquityNoteDisclosureTextBlock_lbl_3a4b62" xlink:type="arc" />
    <link:label xlink:type="resource" xlink:role="http://www.xbrl.org/2003/role/label" xlink:label="us-gaap_StockholdersEquityNoteDisclosureTextBlock_lbl_3a4b62" xml:lang="en-US">NOTE 4 - CAPITAL STOCK</link:label>
    <link:loc xlink:type="locator" xlink:href="https://xbrl.fasb.org/us-gaap/2022/elts/us-gaap-2022.xsd#us-gaap_RelatedPartyTransactionsAbstract" xlink:label="us-gaap_RelatedPartyTransactionsAbstract" />
    <link:labelArc xlink:arcrole="http://www.xbrl.org/2003/arcrole/concept-label" xlink:from="us-gaap_RelatedPartyTransactionsAbstract" xlink:to="us-gaap_RelatedPartyTransactionsAbstract_lbl_c5efcd" xlink:type="arc" />
    <link:label xlink:type="resource" xlink:role="http://www.xbrl.org/2003/role/label" xlink:label="us-gaap_RelatedPartyTransactionsAbstract_lbl_c5efcd" xml:lang="en-US">RELATED PARTY TRANSACTIONS</link:label>
    <link:loc xlink:type="locator" xlink:href="https://xbrl.fasb.org/us-gaap/2022/elts/us-gaap-2022.xsd#us-gaap_RelatedPartyTransactionsDisclosureTextBlock" xlink:label="us-gaap_RelatedPartyTransactionsDisclosureTextBlock" />
    <link:labelArc xlink:arcrole="http://www.xbrl.org/2003/arcrole/concept-label" xlink:from="us-gaap_RelatedPartyTransactionsDisclosureTextBlock" xlink:to="us-gaap_RelatedPartyTransactionsDisclosureTextBlock_lbl_0db2e4" xlink:type="arc" />
    <link:label xlink:type="resource" xlink:role="http://www.xbrl.org/2003/role/label" xlink:label="us-gaap_RelatedPartyTransactionsDisclosureTextBlock_lbl_0db2e4" xml:lang="en-US">NOTE 5 - RELATED PARTY TRANSACTIONS</link:label>
    <link:loc xlink:type="locator" xlink:href="https://xbrl.fasb.org/us-gaap/2022/elts/us-gaap-2022.xsd#us-gaap_SubsequentEventsAbstract" xlink:label="us-gaap_SubsequentEventsAbstract" />
    <link:labelArc xlink:arcrole="http://www.xbrl.org/2003/arcrole/concept-label" xlink:from="us-gaap_SubsequentEventsAbstract" xlink:to="us-gaap_SubsequentEventsAbstract_lbl_ec647c" xlink:type="arc" />
    <link:label xlink:type="resource" xlink:role="http://www.xbrl.org/2003/role/label" xlink:label="us-gaap_SubsequentEventsAbstract_lbl_ec647c" xml:lang="en-US">SUBSEQUENT EVENTS</link:label>
    <link:loc xlink:type="locator" xlink:href="https://xbrl.fasb.org/us-gaap/2022/elts/us-gaap-2022.xsd#us-gaap_SubsequentEventsTextBlock" xlink:label="us-gaap_SubsequentEventsTextBlock" />
    <link:labelArc xlink:arcrole="http://www.xbrl.org/2003/arcrole/concept-label" xlink:from="us-gaap_SubsequentEventsTextBlock" xlink:to="us-gaap_SubsequentEventsTextBlock_lbl_925ab8" xlink:type="arc" />
    <link:label xlink:type="resource" xlink:role="http://www.xbrl.org/2003/role/label" xlink:label="us-gaap_SubsequentEventsTextBlock_lbl_925ab8" xml:lang="en-US">NOTE 6. SUBSEQUENT EVENTS</link:label>
    <link:loc xlink:type="locator" xlink:href="https://xbrl.fasb.org/us-gaap/2022/elts/us-gaap-2022.xsd#us-gaap_BasisOfAccountingPolicyPolicyTextBlock" xlink:label="us-gaap_BasisOfAccountingPolicyPolicyTextBlock" />
    <link:labelArc xlink:arcrole="http://www.xbrl.org/2003/arcrole/concept-label" xlink:from="us-gaap_BasisOfAccountingPolicyPolicyTextBlock" xlink:to="us-gaap_BasisOfAccountingPolicyPolicyTextBlock_lbl_7d33f9" xlink:type="arc" />
    <link:label xlink:type="resource" xlink:role="http://www.xbrl.org/2003/role/label" xlink:label="us-gaap_BasisOfAccountingPolicyPolicyTextBlock_lbl_7d33f9" xml:lang="en-US">Basis of Presentation</link:label>
    <link:loc xlink:type="locator" xlink:href="https://xbrl.fasb.org/us-gaap/2022/elts/us-gaap-2022.xsd#us-gaap_CashAndCashEquivalentsPolicyTextBlock" xlink:label="us-gaap_CashAndCashEquivalentsPolicyTextBlock" />
    <link:labelArc xlink:arcrole="http://www.xbrl.org/2003/arcrole/concept-label" xlink:from="us-gaap_CashAndCashEquivalentsPolicyTextBlock" xlink:to="us-gaap_CashAndCashEquivalentsPolicyTextBlock_lbl_0eed0a" xlink:type="arc" />
    <link:label xlink:type="resource" xlink:role="http://www.xbrl.org/2003/role/label" xlink:label="us-gaap_CashAndCashEquivalentsPolicyTextBlock_lbl_0eed0a" xml:lang="en-US">Cash and Cash Equivalents</link:label>
    <link:loc xlink:type="locator" xlink:href="https://xbrl.fasb.org/us-gaap/2022/elts/us-gaap-2022.xsd#us-gaap_ShareBasedCompensationOptionAndIncentivePlansPolicy" xlink:label="us-gaap_ShareBasedCompensationOptionAndIncentivePlansPolicy" />
    <link:labelArc xlink:arcrole="http://www.xbrl.org/2003/arcrole/concept-label" xlink:from="us-gaap_ShareBasedCompensationOptionAndIncentivePlansPolicy" xlink:to="us-gaap_ShareBasedCompensationOptionAndIncentivePlansPolicy_lbl_135587" xlink:type="arc" />
    <link:label xlink:type="resource" xlink:role="http://www.xbrl.org/2003/role/label" xlink:label="us-gaap_ShareBasedCompensationOptionAndIncentivePlansPolicy_lbl_135587" xml:lang="en-US">Stock-Based Compensation</link:label>
    <link:loc xlink:type="locator" xlink:href="https://xbrl.fasb.org/us-gaap/2022/elts/us-gaap-2022.xsd#us-gaap_UseOfEstimates" xlink:label="us-gaap_UseOfEstimates" />
    <link:labelArc xlink:arcrole="http://www.xbrl.org/2003/arcrole/concept-label" xlink:from="us-gaap_UseOfEstimates" xlink:to="us-gaap_UseOfEstimates_lbl_2768f0" xlink:type="arc" />
    <link:label xlink:type="resource" xlink:role="http://www.xbrl.org/2003/role/label" xlink:label="us-gaap_UseOfEstimates_lbl_2768f0" xml:lang="en-US">Use of Estimates</link:label>
    <link:loc xlink:type="locator" xlink:href="https://xbrl.fasb.org/us-gaap/2022/elts/us-gaap-2022.xsd#us-gaap_IncomeTaxPolicyTextBlock" xlink:label="us-gaap_IncomeTaxPolicyTextBlock" />
    <link:labelArc xlink:arcrole="http://www.xbrl.org/2003/arcrole/concept-label" xlink:from="us-gaap_IncomeTaxPolicyTextBlock" xlink:to="us-gaap_IncomeTaxPolicyTextBlock_lbl_9f7cd6" xlink:type="arc" />
    <link:label xlink:type="resource" xlink:role="http://www.xbrl.org/2003/role/label" xlink:label="us-gaap_IncomeTaxPolicyTextBlock_lbl_9f7cd6" xml:lang="en-US">Income Taxes</link:label>
    <link:loc xlink:type="locator" xlink:href="https://xbrl.fasb.org/us-gaap/2022/elts/us-gaap-2022.xsd#us-gaap_NewAccountingPronouncementsPolicyPolicyTextBlock" xlink:label="us-gaap_NewAccountingPronouncementsPolicyPolicyTextBlock" />
    <link:labelArc xlink:arcrole="http://www.xbrl.org/2003/arcrole/concept-label" xlink:from="us-gaap_NewAccountingPronouncementsPolicyPolicyTextBlock" xlink:to="us-gaap_NewAccountingPronouncementsPolicyPolicyTextBlock_lbl_7e5541" xlink:type="arc" />
    <link:label xlink:type="resource" xlink:role="http://www.xbrl.org/2003/role/label" xlink:label="us-gaap_NewAccountingPronouncementsPolicyPolicyTextBlock_lbl_7e5541" xml:lang="en-US">New Accounting Pronouncements</link:label>
    <link:loc xlink:type="locator" xlink:href="https://xbrl.fasb.org/us-gaap/2022/elts/us-gaap-2022.xsd#us-gaap_FairValueOfFinancialInstrumentsPolicy" xlink:label="us-gaap_FairValueOfFinancialInstrumentsPolicy" />
    <link:labelArc xlink:arcrole="http://www.xbrl.org/2003/arcrole/concept-label" xlink:from="us-gaap_FairValueOfFinancialInstrumentsPolicy" xlink:to="us-gaap_FairValueOfFinancialInstrumentsPolicy_lbl_afebfe" xlink:type="arc" />
    <link:label xlink:type="resource" xlink:role="http://www.xbrl.org/2003/role/label" xlink:label="us-gaap_FairValueOfFinancialInstrumentsPolicy_lbl_afebfe" xml:lang="en-US">Fair Value of Financial Instruments</link:label>
    <link:loc xlink:type="locator" xlink:href="https://xbrl.fasb.org/us-gaap/2022/elts/us-gaap-2022.xsd#us-gaap_EarningsPerSharePolicyTextBlock" xlink:label="us-gaap_EarningsPerSharePolicyTextBlock" />
    <link:labelArc xlink:arcrole="http://www.xbrl.org/2003/arcrole/concept-label" xlink:from="us-gaap_EarningsPerSharePolicyTextBlock" xlink:to="us-gaap_EarningsPerSharePolicyTextBlock_lbl_fc3b72" xlink:type="arc" />
    <link:label xlink:type="resource" xlink:role="http://www.xbrl.org/2003/role/label" xlink:label="us-gaap_EarningsPerSharePolicyTextBlock_lbl_fc3b72" xml:lang="en-US">Basic and Diluted Net Loss Per Share</link:label>
    <link:labelArc xlink:arcrole="http://www.xbrl.org/2003/arcrole/concept-label" xlink:from="us-gaap_RetainedEarningsAccumulatedDeficit" xlink:to="us-gaap_RetainedEarningsAccumulatedDeficit_lbl_823ac5" xlink:type="arc" />
    <link:label xlink:type="resource" xlink:role="http://www.xbrl.org/2003/role/terseLabel" xlink:label="us-gaap_RetainedEarningsAccumulatedDeficit_lbl_823ac5" xml:lang="en-US">Accumulated Loss</link:label>
    <link:loc xlink:type="locator" xlink:href="https://xbrl.fasb.org/us-gaap/2022/elts/us-gaap-2022.xsd#us-gaap_CashFDICInsuredAmount" xlink:label="us-gaap_CashFDICInsuredAmount" />
    <link:labelArc xlink:arcrole="http://www.xbrl.org/2003/arcrole/concept-label" xlink:from="us-gaap_CashFDICInsuredAmount" xlink:to="us-gaap_CashFDICInsuredAmount_lbl_a5d2fa" xlink:type="arc" />
    <link:label xlink:type="resource" xlink:role="http://www.xbrl.org/2003/role/label" xlink:label="us-gaap_CashFDICInsuredAmount_lbl_a5d2fa" xml:lang="en-US">Cash, Fdic Insured Amount</link:label>
    <link:loc xlink:type="locator" xlink:href="https://xbrl.fasb.org/us-gaap/2022/elts/us-gaap-2022.xsd#us-gaap_StatementClassOfStockAxis" xlink:label="us-gaap_StatementClassOfStockAxis" />
    <link:labelArc xlink:arcrole="http://www.xbrl.org/2003/arcrole/concept-label" xlink:from="us-gaap_StatementClassOfStockAxis" xlink:to="us-gaap_StatementClassOfStockAxis_lbl_5b0c2b" xlink:type="arc" />
    <link:label xlink:type="resource" xlink:role="http://www.xbrl.org/2003/role/label" xlink:label="us-gaap_StatementClassOfStockAxis_lbl_5b0c2b" xml:lang="en-US">Statement Class Of Stock Axis</link:label>
    <link:loc xlink:type="locator" xlink:href="azzurro-20220930.xsd#azzurro_CommonStockOneMember" xlink:label="azzurro_CommonStockOneMember" />
    <link:labelArc xlink:arcrole="http://www.xbrl.org/2003/arcrole/concept-label" xlink:from="azzurro_CommonStockOneMember" xlink:to="azzurro_CommonStockOneMember_lbl_f630dd" xlink:type="arc" />
    <link:label xlink:type="resource" xlink:role="http://www.xbrl.org/2003/role/label" xlink:label="azzurro_CommonStockOneMember_lbl_f630dd" xml:lang="en-US">Common Stock 1 [Member]</link:label>
    <link:loc xlink:type="locator" xlink:href="azzurro-20220930.xsd#azzurro_CommonStocksMember" xlink:label="azzurro_CommonStocksMember" />
    <link:labelArc xlink:arcrole="http://www.xbrl.org/2003/arcrole/concept-label" xlink:from="azzurro_CommonStocksMember" xlink:to="azzurro_CommonStocksMember_lbl_9975ef" xlink:type="arc" />
    <link:label xlink:type="resource" xlink:role="http://www.xbrl.org/2003/role/label" xlink:label="azzurro_CommonStocksMember_lbl_9975ef" xml:lang="en-US">Common Stocks</link:label>
    <link:labelArc xlink:arcrole="http://www.xbrl.org/2003/arcrole/concept-label" xlink:from="us-gaap_CommonStockSharesAuthorized" xlink:to="us-gaap_CommonStockSharesAuthorized_lbl_256bf8" xlink:type="arc" />
    <link:label xlink:type="resource" xlink:role="http://www.xbrl.org/2003/role/verboseLabel" xlink:label="us-gaap_CommonStockSharesAuthorized_lbl_256bf8" xml:lang="en-US">Common Stock, Shares Authorized</link:label>
    <link:labelArc xlink:arcrole="http://www.xbrl.org/2003/arcrole/concept-label" xlink:from="us-gaap_CommonStockParOrStatedValuePerShare" xlink:to="us-gaap_CommonStockParOrStatedValuePerShare_lbl_fcf022" xlink:type="arc" />
    <link:label xlink:type="resource" xlink:role="http://www.xbrl.org/2003/role/verboseLabel" xlink:label="us-gaap_CommonStockParOrStatedValuePerShare_lbl_fcf022" xml:lang="en-US">Common Stock, Par Value</link:label>
    <link:labelArc xlink:arcrole="http://www.xbrl.org/2003/arcrole/concept-label" xlink:from="us-gaap_CommonStockSharesOutstanding" xlink:to="us-gaap_CommonStockSharesOutstanding_lbl_653376" xlink:type="arc" />
    <link:label xlink:type="resource" xlink:role="http://www.xbrl.org/2003/role/verboseLabel" xlink:label="us-gaap_CommonStockSharesOutstanding_lbl_653376" xml:lang="en-US">Common Stock, Shares Outstanding</link:label>
    <link:labelArc xlink:arcrole="http://www.xbrl.org/2003/arcrole/concept-label" xlink:from="us-gaap_CommonStockSharesIssued" xlink:to="us-gaap_CommonStockSharesIssued_lbl_ac1fe0" xlink:type="arc" />
    <link:label xlink:type="resource" xlink:role="http://www.xbrl.org/2003/role/verboseLabel" xlink:label="us-gaap_CommonStockSharesIssued_lbl_ac1fe0" xml:lang="en-US">Common Stock, Shares Issued</link:label>
    <link:loc xlink:type="locator" xlink:href="azzurro-20220930.xsd#azzurro_TotalProceedsamount" xlink:label="azzurro_TotalProceedsamount" />
    <link:labelArc xlink:arcrole="http://www.xbrl.org/2003/arcrole/concept-label" xlink:from="azzurro_TotalProceedsamount" xlink:to="azzurro_TotalProceedsamount_lbl_30f580" xlink:type="arc" />
    <link:label xlink:type="resource" xlink:role="http://www.xbrl.org/2003/role/label" xlink:label="azzurro_TotalProceedsamount_lbl_30f580" xml:lang="en-US">Total proceeds</link:label>
    <link:loc xlink:type="locator" xlink:href="azzurro-20220930.xsd#azzurro_TotalProceedsShare" xlink:label="azzurro_TotalProceedsShare" />
    <link:labelArc xlink:arcrole="http://www.xbrl.org/2003/arcrole/concept-label" xlink:from="azzurro_TotalProceedsShare" xlink:to="azzurro_TotalProceedsShare_lbl_a393ac" xlink:type="arc" />
    <link:label xlink:type="resource" xlink:role="http://www.xbrl.org/2003/role/label" xlink:label="azzurro_TotalProceedsShare_lbl_a393ac" xml:lang="en-US">Total proceeds, share</link:label>
    <link:loc xlink:type="locator" xlink:href="https://xbrl.fasb.org/us-gaap/2022/elts/us-gaap-2022.xsd#us-gaap_SharesIssuedPricePerShare" xlink:label="us-gaap_SharesIssuedPricePerShare" />
    <link:labelArc xlink:arcrole="http://www.xbrl.org/2003/arcrole/concept-label" xlink:from="us-gaap_SharesIssuedPricePerShare" xlink:to="us-gaap_SharesIssuedPricePerShare_lbl_a8aee1" xlink:type="arc" />
    <link:label xlink:type="resource" xlink:role="http://www.xbrl.org/2003/role/label" xlink:label="us-gaap_SharesIssuedPricePerShare_lbl_a8aee1" xml:lang="en-US">Shares Issued, Price Per Share</link:label>
    <link:loc xlink:type="locator" xlink:href="https://xbrl.fasb.org/us-gaap/2022/elts/us-gaap-2022.xsd#us-gaap_RelatedPartyTransactionsByRelatedPartyAxis" xlink:label="us-gaap_RelatedPartyTransactionsByRelatedPartyAxis" />
    <link:labelArc xlink:arcrole="http://www.xbrl.org/2003/arcrole/concept-label" xlink:from="us-gaap_RelatedPartyTransactionsByRelatedPartyAxis" xlink:to="us-gaap_RelatedPartyTransactionsByRelatedPartyAxis_lbl_37f2da" xlink:type="arc" />
    <link:label xlink:type="resource" xlink:role="http://www.xbrl.org/2003/role/label" xlink:label="us-gaap_RelatedPartyTransactionsByRelatedPartyAxis_lbl_37f2da" xml:lang="en-US">Related Party [Axis]</link:label>
    <link:loc xlink:type="locator" xlink:href="https://xbrl.fasb.org/srt/2022/elts/srt-2022.xsd#srt_DirectorMember" xlink:label="srt_DirectorMember" />
    <link:labelArc xlink:arcrole="http://www.xbrl.org/2003/arcrole/concept-label" xlink:from="srt_DirectorMember" xlink:to="srt_DirectorMember_lbl_540ed3" xlink:type="arc" />
    <link:label xlink:type="resource" xlink:role="http://www.xbrl.org/2003/role/label" xlink:label="srt_DirectorMember_lbl_540ed3" xml:lang="en-US">Sole Officer and Director [Member]</link:label>
    <link:labelArc xlink:arcrole="http://www.xbrl.org/2003/arcrole/concept-label" xlink:from="us-gaap_DueToRelatedPartiesCurrent" xlink:to="us-gaap_DueToRelatedPartiesCurrent_lbl_ee1419" xlink:type="arc" />
    <link:label xlink:type="resource" xlink:role="http://www.xbrl.org/2003/role/verboseLabel" xlink:label="us-gaap_DueToRelatedPartiesCurrent_lbl_ee1419" xml:lang="en-US">Loans From Related Parties</link:label>
    <link:labelArc xlink:arcrole="http://www.xbrl.org/2003/arcrole/concept-label" xlink:from="us-gaap_DueToOfficersOrStockholdersCurrent" xlink:to="us-gaap_DueToOfficersOrStockholdersCurrent_lbl_134369" xlink:type="arc" />
    <link:label xlink:type="resource" xlink:role="http://www.xbrl.org/2003/role/verboseLabel" xlink:label="us-gaap_DueToOfficersOrStockholdersCurrent_lbl_134369" xml:lang="en-US">Loans From Related Parties</link:label>
    <link:loc xlink:type="locator" xlink:href="https://xbrl.fasb.org/us-gaap/2022/elts/us-gaap-2022.xsd#us-gaap_DueToOfficersOrStockholdersCurrent" xlink:label="us-gaap_DueToOfficersOrStockholdersCurrent" />
    <link:labelArc xlink:arcrole="http://www.xbrl.org/2003/arcrole/concept-label" xlink:from="us-gaap_DueToOfficersOrStockholdersCurrent" xlink:to="us-gaap_DueToOfficersOrStockholdersCurrent_lbl_3" xlink:type="arc" />
    <link:label xlink:type="resource" xlink:role="http://www.xbrl.org/2003/role/label" xlink:label="us-gaap_DueToOfficersOrStockholdersCurrent_lbl_3" xml:lang="en-US">[Due to Officers or Stockholders, Current]</link:label>
    <link:loc xlink:type="locator" xlink:href="https://xbrl.fasb.org/us-gaap/2022/elts/us-gaap-2022.xsd#us-gaap_SubsequentEventTypeAxis" xlink:label="us-gaap_SubsequentEventTypeAxis" />
    <link:labelArc xlink:arcrole="http://www.xbrl.org/2003/arcrole/concept-label" xlink:from="us-gaap_SubsequentEventTypeAxis" xlink:to="us-gaap_SubsequentEventTypeAxis_lbl_bad84a" xlink:type="arc" />
    <link:label xlink:type="resource" xlink:role="http://www.xbrl.org/2003/role/label" xlink:label="us-gaap_SubsequentEventTypeAxis_lbl_bad84a" xml:lang="en-US">Subsequent Event Type [Axis]</link:label>
    <link:labelArc xlink:arcrole="http://www.xbrl.org/2003/arcrole/concept-label" xlink:from="srt_DirectorMember" xlink:to="srt_DirectorMember_lbl_e4afaf" xlink:type="arc" />
    <link:label xlink:type="resource" xlink:role="http://www.xbrl.org/2003/role/verboseLabel" xlink:label="srt_DirectorMember_lbl_e4afaf" xml:lang="en-US">Sole Officer and Director [Member]</link:label>
    <link:loc xlink:type="locator" xlink:href="https://xbrl.fasb.org/us-gaap/2022/elts/us-gaap-2022.xsd#us-gaap_SubsequentEventMember" xlink:label="us-gaap_SubsequentEventMember" />
    <link:labelArc xlink:arcrole="http://www.xbrl.org/2003/arcrole/concept-label" xlink:from="us-gaap_SubsequentEventMember" xlink:to="us-gaap_SubsequentEventMember_lbl_938458" xlink:type="arc" />
    <link:label xlink:type="resource" xlink:role="http://www.xbrl.org/2003/role/label" xlink:label="us-gaap_SubsequentEventMember_lbl_938458" xml:lang="en-US">Subsequent Event [Member]</link:label>
    <link:labelArc xlink:arcrole="http://www.xbrl.org/2003/arcrole/concept-label" xlink:from="us-gaap_DueToOfficersOrStockholdersCurrent" xlink:to="us-gaap_DueToOfficersOrStockholdersCurrent_lbl_9fe0ec" xlink:type="arc" />
    <link:label xlink:type="resource" xlink:role="http://www.xbrl.org/2003/role/terseLabel" xlink:label="us-gaap_DueToOfficersOrStockholdersCurrent_lbl_9fe0ec" xml:lang="en-US">Loans From Related Parties</link:label>
  </link:labelLink>
</link:linkbase>