<?xml version="1.0" encoding="us-ascii" standalone="yes"?>
<!--XBRL Document Created with XBRLMaster-->
<!--Version: 2.3.08-->
<!--Based on XBRL 2.1-->
<!--Date of creation: 12/31/2022-->
<!--Software architectural design and coding: A'c Dharmapremananda Avt.-->
<!--Copyright (c) 2022 I-NET Business Solutions, Inc. All Rights Reserved.-->
<link:linkbase xmlns:xsi="http://www.w3.org/2001/XMLSchema-instance" xmlns:xlink="http://www.w3.org/1999/xlink" xmlns:link="http://www.xbrl.org/2003/linkbase" xmlns:xbrldt="http://xbrl.org/2005/xbrldt" xsi:schemaLocation="http://www.xbrl.org/2003/linkbase http://www.xbrl.org/2003/xbrl-linkbase-2003-12-31.xsd">
  <link:roleRef roleURI="http://azzurro.com/role/Cover" xlink:href="azzurro-20220930.xsd#Cover" xlink:type="simple" />
  <link:roleRef roleURI="http://azzurro.com/role/BalanceSheets" xlink:href="azzurro-20220930.xsd#BalanceSheets" xlink:type="simple" />
  <link:roleRef roleURI="http://azzurro.com/role/BalanceSheetsParenthetical" xlink:href="azzurro-20220930.xsd#BalanceSheetsParenthetical" xlink:type="simple" />
  <link:roleRef roleURI="http://azzurro.com/role/StatementsOfOperationsAudited" xlink:href="azzurro-20220930.xsd#StatementsOfOperationsAudited" xlink:type="simple" />
  <link:roleRef roleURI="http://azzurro.com/role/StatementOfStockholdersEquityAudited" xlink:href="azzurro-20220930.xsd#StatementOfStockholdersEquityAudited" xlink:type="simple" />
  <link:roleRef roleURI="http://azzurro.com/role/StatementsOfCashFlowsAudited" xlink:href="azzurro-20220930.xsd#StatementsOfCashFlowsAudited" xlink:type="simple" />
  <link:roleRef roleURI="http://azzurro.com/role/OrganizationAndBusiness" xlink:href="azzurro-20220930.xsd#OrganizationAndBusiness" xlink:type="simple" />
  <link:roleRef roleURI="http://azzurro.com/role/GoingConcern" xlink:href="azzurro-20220930.xsd#GoingConcern" xlink:type="simple" />
  <link:roleRef roleURI="http://azzurro.com/role/SummaryOfSignificantAccountingPolicies" xlink:href="azzurro-20220930.xsd#SummaryOfSignificantAccountingPolicies" xlink:type="simple" />
  <link:roleRef roleURI="http://azzurro.com/role/CapitalStock" xlink:href="azzurro-20220930.xsd#CapitalStock" xlink:type="simple" />
  <link:roleRef roleURI="http://azzurro.com/role/RelatedPartyTransactions" xlink:href="azzurro-20220930.xsd#RelatedPartyTransactions" xlink:type="simple" />
  <link:roleRef roleURI="http://azzurro.com/role/SubsequentEvents" xlink:href="azzurro-20220930.xsd#SubsequentEvents" xlink:type="simple" />
  <link:roleRef roleURI="http://azzurro.com/role/SummaryOfSignificantAccountingPoliciesPolicies" xlink:href="azzurro-20220930.xsd#SummaryOfSignificantAccountingPoliciesPolicies" xlink:type="simple" />
  <link:roleRef roleURI="http://azzurro.com/role/GoingConcernDetailsNarrative" xlink:href="azzurro-20220930.xsd#GoingConcernDetailsNarrative" xlink:type="simple" />
  <link:roleRef roleURI="http://azzurro.com/role/SummaryOfSignificantAccountingPoliciesDetailsNarrative" xlink:href="azzurro-20220930.xsd#SummaryOfSignificantAccountingPoliciesDetailsNarrative" xlink:type="simple" />
  <link:roleRef roleURI="http://azzurro.com/role/CapitalStockDetailsNarrative" xlink:href="azzurro-20220930.xsd#CapitalStockDetailsNarrative" xlink:type="simple" />
  <link:roleRef roleURI="http://azzurro.com/role/RelatedPartyTransactionsDetailsNarrative" xlink:href="azzurro-20220930.xsd#RelatedPartyTransactionsDetailsNarrative" xlink:type="simple" />
  <link:roleRef roleURI="http://azzurro.com/role/SubsequentEventsDetailsNarrative" xlink:href="azzurro-20220930.xsd#SubsequentEventsDetailsNarrative" xlink:type="simple" />
  <link:arcroleRef xlink:type="simple" xlink:href="http://www.xbrl.org/2005/xbrldt-2005.xsd#hypercube-dimension" arcroleURI="http://xbrl.org/int/dim/arcrole/hypercube-dimension" />
  <link:arcroleRef xlink:type="simple" xlink:href="http://www.xbrl.org/2005/xbrldt-2005.xsd#dimension-domain" arcroleURI="http://xbrl.org/int/dim/arcrole/dimension-domain" />
  <link:arcroleRef xlink:type="simple" xlink:href="http://www.xbrl.org/2005/xbrldt-2005.xsd#domain-member" arcroleURI="http://xbrl.org/int/dim/arcrole/domain-member" />
  <link:arcroleRef xlink:type="simple" xlink:href="http://www.xbrl.org/2005/xbrldt-2005.xsd#all" arcroleURI="http://xbrl.org/int/dim/arcrole/all" />
  <link:arcroleRef xlink:type="simple" xlink:href="http://www.xbrl.org/2005/xbrldt-2005.xsd#notAll" arcroleURI="http://xbrl.org/int/dim/arcrole/notAll" />
  <link:arcroleRef xlink:type="simple" xlink:href="http://www.xbrl.org/2005/xbrldt-2005.xsd#dimension-default" arcroleURI="http://xbrl.org/int/dim/arcrole/dimension-default" />
  <link:definitionLink xlink:type="extended" xlink:role="http://azzurro.com/role/Cover" xlink:title="00000001 - Document - Cover Page Information">
    <link:loc xlink:type="locator" xlink:href="https://xbrl.sec.gov/dei/2022/dei-2022.xsd#dei_CoverAbstract" xlink:label="loc_deiCover" />
  </link:definitionLink>
  <link:definitionLink xlink:type="extended" xlink:role="http://azzurro.com/role/BalanceSheets" xlink:title="000002 - Statement - BALANCE SHEETS" />
  <link:definitionLink xlink:type="extended" xlink:role="http://azzurro.com/role/BalanceSheetsParenthetical" xlink:title="000003 - Statement - BALANCE SHEETS (Parenthetical)" />
  <link:definitionLink xlink:type="extended" xlink:role="http://azzurro.com/role/StatementsOfOperationsAudited" xlink:title="000004 - Statement - STATEMENTS OF OPERATIONS (AUDITED)" />
  <link:definitionLink xlink:type="extended" xlink:role="http://azzurro.com/role/StatementOfStockholdersEquityAudited" xlink:title="000005 - Statement - STATEMENT OF STOCKHOLDERS EQUITY (AUDITED)">
    <link:loc xlink:type="locator" xlink:href="https://xbrl.fasb.org/us-gaap/2022/elts/us-gaap-2022.xsd#us-gaap_StatementLineItems" xlink:label="loc_us-gaapStatementLineItems" />
    <link:loc xlink:type="locator" xlink:href="https://xbrl.fasb.org/us-gaap/2022/elts/us-gaap-2022.xsd#us-gaap_StatementTable" xlink:label="loc_us-gaapStatementTable" />
    <link:definitionArc xlink:type="arc" xlink:arcrole="http://xbrl.org/int/dim/arcrole/all" xlink:from="loc_us-gaapStatementLineItems" xlink:to="loc_us-gaapStatementTable" order="2000" xbrldt:contextElement="segment" xbrldt:closed="true" />
    <link:loc xlink:type="locator" xlink:href="https://xbrl.fasb.org/us-gaap/2022/elts/us-gaap-2022.xsd#us-gaap_StatementEquityComponentsAxis" xlink:label="loc_us-gaapStatementEquityComponentsAxis" />
    <link:definitionArc xlink:type="arc" xlink:arcrole="http://xbrl.org/int/dim/arcrole/hypercube-dimension" xlink:from="loc_us-gaapStatementTable" xlink:to="loc_us-gaapStatementEquityComponentsAxis" order="20" />
    <link:loc xlink:type="locator" xlink:href="https://xbrl.fasb.org/us-gaap/2022/elts/us-gaap-2022.xsd#us-gaap_EquityComponentDomain" xlink:label="loc_us-gaapEquityComponentDomain" />
    <link:definitionArc xlink:type="arc" xlink:arcrole="http://xbrl.org/int/dim/arcrole/dimension-domain" xlink:from="loc_us-gaapStatementEquityComponentsAxis" xlink:to="loc_us-gaapEquityComponentDomain" order="30" />
    <link:loc xlink:type="locator" xlink:href="https://xbrl.fasb.org/us-gaap/2022/elts/us-gaap-2022.xsd#us-gaap_EquityComponentDomain" xlink:label="loc_us-gaapEquityComponentDomain_10" />
    <link:definitionArc xlink:type="arc" xlink:arcrole="http://xbrl.org/int/dim/arcrole/dimension-default" xlink:from="loc_us-gaapStatementEquityComponentsAxis" xlink:to="loc_us-gaapEquityComponentDomain_10" order="40" xbrldt:contextElement="segment" />
    <link:loc xlink:type="locator" xlink:href="https://xbrl.fasb.org/us-gaap/2022/elts/us-gaap-2022.xsd#us-gaap_CommonStockMember" xlink:label="loc_us-gaapCommonStockMember" />
    <link:definitionArc xlink:type="arc" xlink:arcrole="http://xbrl.org/int/dim/arcrole/domain-member" xlink:from="loc_us-gaapEquityComponentDomain" xlink:to="loc_us-gaapCommonStockMember" order="21" />
    <link:loc xlink:type="locator" xlink:href="https://xbrl.fasb.org/us-gaap/2022/elts/us-gaap-2022.xsd#us-gaap_AdditionalPaidInCapitalMember" xlink:label="loc_us-gaapAdditionalPaidInCapitalMember" />
    <link:definitionArc xlink:type="arc" xlink:arcrole="http://xbrl.org/int/dim/arcrole/domain-member" xlink:from="loc_us-gaapEquityComponentDomain" xlink:to="loc_us-gaapAdditionalPaidInCapitalMember" order="22" />
    <link:loc xlink:type="locator" xlink:href="https://xbrl.fasb.org/us-gaap/2022/elts/us-gaap-2022.xsd#us-gaap_RetainedEarningsMember" xlink:label="loc_us-gaapRetainedEarningsMember" />
    <link:definitionArc xlink:type="arc" xlink:arcrole="http://xbrl.org/int/dim/arcrole/domain-member" xlink:from="loc_us-gaapEquityComponentDomain" xlink:to="loc_us-gaapRetainedEarningsMember" order="23" />
    <link:loc xlink:type="locator" xlink:href="https://xbrl.fasb.org/us-gaap/2022/elts/us-gaap-2022.xsd#us-gaap_SharesIssued" xlink:label="loc_us-gaapSharesIssued" />
    <link:definitionArc xlink:type="arc" xlink:arcrole="http://xbrl.org/int/dim/arcrole/domain-member" xlink:from="loc_us-gaapStatementLineItems" xlink:to="loc_us-gaapSharesIssued" order="1" />
    <link:loc xlink:type="locator" xlink:href="https://xbrl.fasb.org/us-gaap/2022/elts/us-gaap-2022.xsd#us-gaap_StockholdersEquity" xlink:label="loc_us-gaapStockholdersEquity" />
    <link:definitionArc xlink:type="arc" xlink:arcrole="http://xbrl.org/int/dim/arcrole/domain-member" xlink:from="loc_us-gaapStatementLineItems" xlink:to="loc_us-gaapStockholdersEquity" order="2" />
    <link:loc xlink:type="locator" xlink:href="https://xbrl.fasb.org/us-gaap/2022/elts/us-gaap-2022.xsd#us-gaap_StockIssuedDuringPeriodSharesNewIssues" xlink:label="loc_us-gaapStockIssuedDuringPeriodSharesNewIssues" />
    <link:definitionArc xlink:type="arc" xlink:arcrole="http://xbrl.org/int/dim/arcrole/domain-member" xlink:from="loc_us-gaapStatementLineItems" xlink:to="loc_us-gaapStockIssuedDuringPeriodSharesNewIssues" order="3" />
    <link:loc xlink:type="locator" xlink:href="https://xbrl.fasb.org/us-gaap/2022/elts/us-gaap-2022.xsd#us-gaap_StockIssuedDuringPeriodValueNewIssues" xlink:label="loc_us-gaapStockIssuedDuringPeriodValueNewIssues" />
    <link:definitionArc xlink:type="arc" xlink:arcrole="http://xbrl.org/int/dim/arcrole/domain-member" xlink:from="loc_us-gaapStatementLineItems" xlink:to="loc_us-gaapStockIssuedDuringPeriodValueNewIssues" order="4" />
    <link:loc xlink:type="locator" xlink:href="https://xbrl.fasb.org/us-gaap/2022/elts/us-gaap-2022.xsd#us-gaap_NetIncomeLoss" xlink:label="loc_us-gaapNetIncomeLoss" />
    <link:definitionArc xlink:type="arc" xlink:arcrole="http://xbrl.org/int/dim/arcrole/domain-member" xlink:from="loc_us-gaapStatementLineItems" xlink:to="loc_us-gaapNetIncomeLoss" order="5" />
  </link:definitionLink>
  <link:definitionLink xlink:type="extended" xlink:role="http://azzurro.com/role/StatementsOfCashFlowsAudited" xlink:title="000006 - Statement - STATEMENTS OF CASH FLOWS (AUDITED)" />
  <link:definitionLink xlink:type="extended" xlink:role="http://azzurro.com/role/OrganizationAndBusiness" xlink:title="000007 - Disclosure - ORGANIZATION AND BUSINESS" />
  <link:definitionLink xlink:type="extended" xlink:role="http://azzurro.com/role/GoingConcern" xlink:title="000008 - Disclosure - GOING CONCERN" />
  <link:definitionLink xlink:type="extended" xlink:role="http://azzurro.com/role/SummaryOfSignificantAccountingPolicies" xlink:title="000009 - Disclosure - SUMMARY OF SIGNIFICANT ACCOUNTING POLICIES" />
  <link:definitionLink xlink:type="extended" xlink:role="http://azzurro.com/role/CapitalStock" xlink:title="000010 - Disclosure - CAPITAL STOCK" />
  <link:definitionLink xlink:type="extended" xlink:role="http://azzurro.com/role/RelatedPartyTransactions" xlink:title="000011 - Disclosure - RELATED PARTY TRANSACTIONS" />
  <link:definitionLink xlink:type="extended" xlink:role="http://azzurro.com/role/SubsequentEvents" xlink:title="000012 - Disclosure - SUBSEQUENT EVENTS" />
  <link:definitionLink xlink:type="extended" xlink:role="http://azzurro.com/role/SummaryOfSignificantAccountingPoliciesPolicies" xlink:title="000013 - Disclosure - SUMMARY OF SIGNIFICANT ACCOUNTING POLICIES (Policies)" />
  <link:definitionLink xlink:type="extended" xlink:role="http://azzurro.com/role/GoingConcernDetailsNarrative" xlink:title="000014 - Disclosure - GOING CONCERN (Details Narrative)" />
  <link:definitionLink xlink:type="extended" xlink:role="http://azzurro.com/role/SummaryOfSignificantAccountingPoliciesDetailsNarrative" xlink:title="000015 - Disclosure - SUMMARY OF SIGNIFICANT ACCOUNTING POLICIES (Details Narrative)" />
  <link:definitionLink xlink:type="extended" xlink:role="http://azzurro.com/role/CapitalStockDetailsNarrative" xlink:title="000016 - Disclosure - CAPITAL STOCK (Details Narrative)">
    <link:loc xlink:type="locator" xlink:href="https://xbrl.fasb.org/us-gaap/2022/elts/us-gaap-2022.xsd#us-gaap_StatementLineItems" xlink:label="loc_us-gaapStatementLineItems" />
    <link:loc xlink:type="locator" xlink:href="https://xbrl.fasb.org/us-gaap/2022/elts/us-gaap-2022.xsd#us-gaap_StatementTable" xlink:label="loc_us-gaapStatementTable" />
    <link:definitionArc xlink:type="arc" xlink:arcrole="http://xbrl.org/int/dim/arcrole/all" xlink:from="loc_us-gaapStatementLineItems" xlink:to="loc_us-gaapStatementTable" order="2000" xbrldt:contextElement="segment" xbrldt:closed="true" />
    <link:loc xlink:type="locator" xlink:href="https://xbrl.fasb.org/us-gaap/2022/elts/us-gaap-2022.xsd#us-gaap_StatementClassOfStockAxis" xlink:label="loc_us-gaapStatementClassOfStockAxis" />
    <link:definitionArc xlink:type="arc" xlink:arcrole="http://xbrl.org/int/dim/arcrole/hypercube-dimension" xlink:from="loc_us-gaapStatementTable" xlink:to="loc_us-gaapStatementClassOfStockAxis" order="20" />
    <link:loc xlink:type="locator" xlink:href="https://xbrl.fasb.org/us-gaap/2022/elts/us-gaap-2022.xsd#us-gaap_ClassOfStockDomain" xlink:label="loc_us-gaapClassOfStockDomain" />
    <link:definitionArc xlink:type="arc" xlink:arcrole="http://xbrl.org/int/dim/arcrole/dimension-domain" xlink:from="loc_us-gaapStatementClassOfStockAxis" xlink:to="loc_us-gaapClassOfStockDomain" order="30" />
    <link:loc xlink:type="locator" xlink:href="https://xbrl.fasb.org/us-gaap/2022/elts/us-gaap-2022.xsd#us-gaap_ClassOfStockDomain" xlink:label="loc_us-gaapClassOfStockDomain_10" />
    <link:definitionArc xlink:type="arc" xlink:arcrole="http://xbrl.org/int/dim/arcrole/dimension-default" xlink:from="loc_us-gaapStatementClassOfStockAxis" xlink:to="loc_us-gaapClassOfStockDomain_10" order="40" xbrldt:contextElement="segment" />
    <link:loc xlink:type="locator" xlink:href="azzurro-20220930.xsd#azzurro_CommonStockOneMember" xlink:label="loc_azzurroCommonStockOneMember" />
    <link:definitionArc xlink:type="arc" xlink:arcrole="http://xbrl.org/int/dim/arcrole/domain-member" xlink:from="loc_us-gaapClassOfStockDomain" xlink:to="loc_azzurroCommonStockOneMember" order="21" />
    <link:loc xlink:type="locator" xlink:href="azzurro-20220930.xsd#azzurro_CommonStocksMember" xlink:label="loc_azzurroCommonStocksMember" />
    <link:definitionArc xlink:type="arc" xlink:arcrole="http://xbrl.org/int/dim/arcrole/domain-member" xlink:from="loc_us-gaapClassOfStockDomain" xlink:to="loc_azzurroCommonStocksMember" order="22" />
    <link:loc xlink:type="locator" xlink:href="https://xbrl.fasb.org/us-gaap/2022/elts/us-gaap-2022.xsd#us-gaap_CommonStockSharesAuthorized" xlink:label="loc_us-gaapCommonStockSharesAuthorized" />
    <link:definitionArc xlink:type="arc" xlink:arcrole="http://xbrl.org/int/dim/arcrole/domain-member" xlink:from="loc_us-gaapStatementLineItems" xlink:to="loc_us-gaapCommonStockSharesAuthorized" order="1" />
    <link:loc xlink:type="locator" xlink:href="https://xbrl.fasb.org/us-gaap/2022/elts/us-gaap-2022.xsd#us-gaap_CommonStockParOrStatedValuePerShare" xlink:label="loc_us-gaapCommonStockParOrStatedValuePerShare" />
    <link:definitionArc xlink:type="arc" xlink:arcrole="http://xbrl.org/int/dim/arcrole/domain-member" xlink:from="loc_us-gaapStatementLineItems" xlink:to="loc_us-gaapCommonStockParOrStatedValuePerShare" order="2" />
    <link:loc xlink:type="locator" xlink:href="https://xbrl.fasb.org/us-gaap/2022/elts/us-gaap-2022.xsd#us-gaap_CommonStockSharesOutstanding" xlink:label="loc_us-gaapCommonStockSharesOutstanding" />
    <link:definitionArc xlink:type="arc" xlink:arcrole="http://xbrl.org/int/dim/arcrole/domain-member" xlink:from="loc_us-gaapStatementLineItems" xlink:to="loc_us-gaapCommonStockSharesOutstanding" order="3" />
    <link:loc xlink:type="locator" xlink:href="https://xbrl.fasb.org/us-gaap/2022/elts/us-gaap-2022.xsd#us-gaap_CommonStockSharesIssued" xlink:label="loc_us-gaapCommonStockSharesIssued" />
    <link:definitionArc xlink:type="arc" xlink:arcrole="http://xbrl.org/int/dim/arcrole/domain-member" xlink:from="loc_us-gaapStatementLineItems" xlink:to="loc_us-gaapCommonStockSharesIssued" order="4" />
    <link:loc xlink:type="locator" xlink:href="azzurro-20220930.xsd#azzurro_TotalProceedsamount" xlink:label="loc_azzurroTotalProceedsamount" />
    <link:definitionArc xlink:type="arc" xlink:arcrole="http://xbrl.org/int/dim/arcrole/domain-member" xlink:from="loc_us-gaapStatementLineItems" xlink:to="loc_azzurroTotalProceedsamount" order="5" />
    <link:loc xlink:type="locator" xlink:href="azzurro-20220930.xsd#azzurro_TotalProceedsShare" xlink:label="loc_azzurroTotalProceedsShare" />
    <link:definitionArc xlink:type="arc" xlink:arcrole="http://xbrl.org/int/dim/arcrole/domain-member" xlink:from="loc_us-gaapStatementLineItems" xlink:to="loc_azzurroTotalProceedsShare" order="6" />
    <link:loc xlink:type="locator" xlink:href="https://xbrl.fasb.org/us-gaap/2022/elts/us-gaap-2022.xsd#us-gaap_SharesIssuedPricePerShare" xlink:label="loc_us-gaapSharesIssuedPricePerShare" />
    <link:definitionArc xlink:type="arc" xlink:arcrole="http://xbrl.org/int/dim/arcrole/domain-member" xlink:from="loc_us-gaapStatementLineItems" xlink:to="loc_us-gaapSharesIssuedPricePerShare" order="7" />
  </link:definitionLink>
  <link:definitionLink xlink:type="extended" xlink:role="http://azzurro.com/role/RelatedPartyTransactionsDetailsNarrative" xlink:title="000017 - Disclosure - RELATED PARTY TRANSACTIONS (Details Narrative)">
    <link:loc xlink:type="locator" xlink:href="https://xbrl.fasb.org/us-gaap/2022/elts/us-gaap-2022.xsd#us-gaap_StatementLineItems" xlink:label="loc_us-gaapStatementLineItems" />
    <link:loc xlink:type="locator" xlink:href="https://xbrl.fasb.org/us-gaap/2022/elts/us-gaap-2022.xsd#us-gaap_StatementTable" xlink:label="loc_us-gaapStatementTable" />
    <link:definitionArc xlink:type="arc" xlink:arcrole="http://xbrl.org/int/dim/arcrole/all" xlink:from="loc_us-gaapStatementLineItems" xlink:to="loc_us-gaapStatementTable" order="2000" xbrldt:contextElement="segment" xbrldt:closed="true" />
    <link:loc xlink:type="locator" xlink:href="https://xbrl.fasb.org/us-gaap/2022/elts/us-gaap-2022.xsd#us-gaap_RelatedPartyTransactionsByRelatedPartyAxis" xlink:label="loc_us-gaapRelatedPartyTransactionsByRelatedPartyAxis" />
    <link:definitionArc xlink:type="arc" xlink:arcrole="http://xbrl.org/int/dim/arcrole/hypercube-dimension" xlink:from="loc_us-gaapStatementTable" xlink:to="loc_us-gaapRelatedPartyTransactionsByRelatedPartyAxis" order="20" />
    <link:loc xlink:type="locator" xlink:href="https://xbrl.fasb.org/us-gaap/2022/elts/us-gaap-2022.xsd#us-gaap_RelatedPartyDomain" xlink:label="loc_us-gaapRelatedPartyDomain" />
    <link:definitionArc xlink:type="arc" xlink:arcrole="http://xbrl.org/int/dim/arcrole/dimension-domain" xlink:from="loc_us-gaapRelatedPartyTransactionsByRelatedPartyAxis" xlink:to="loc_us-gaapRelatedPartyDomain" order="30" />
    <link:loc xlink:type="locator" xlink:href="https://xbrl.fasb.org/us-gaap/2022/elts/us-gaap-2022.xsd#us-gaap_RelatedPartyDomain" xlink:label="loc_us-gaapRelatedPartyDomain_10" />
    <link:definitionArc xlink:type="arc" xlink:arcrole="http://xbrl.org/int/dim/arcrole/dimension-default" xlink:from="loc_us-gaapRelatedPartyTransactionsByRelatedPartyAxis" xlink:to="loc_us-gaapRelatedPartyDomain_10" order="40" xbrldt:contextElement="segment" />
    <link:loc xlink:type="locator" xlink:href="https://xbrl.fasb.org/srt/2022/elts/srt-2022.xsd#srt_DirectorMember" xlink:label="loc_srtDirectorMember" />
    <link:definitionArc xlink:type="arc" xlink:arcrole="http://xbrl.org/int/dim/arcrole/domain-member" xlink:from="loc_us-gaapRelatedPartyDomain" xlink:to="loc_srtDirectorMember" order="21" />
    <link:loc xlink:type="locator" xlink:href="https://xbrl.fasb.org/us-gaap/2022/elts/us-gaap-2022.xsd#us-gaap_DueToRelatedPartiesCurrent" xlink:label="loc_us-gaapDueToRelatedPartiesCurrent" />
    <link:definitionArc xlink:type="arc" xlink:arcrole="http://xbrl.org/int/dim/arcrole/domain-member" xlink:from="loc_us-gaapStatementLineItems" xlink:to="loc_us-gaapDueToRelatedPartiesCurrent" order="1" />
    <link:loc xlink:type="locator" xlink:href="https://xbrl.fasb.org/us-gaap/2022/elts/us-gaap-2022.xsd#us-gaap_DueToOfficersOrStockholdersCurrent" xlink:label="loc_us-gaapDueToOfficersOrStockholdersCurrent" />
    <link:definitionArc xlink:type="arc" xlink:arcrole="http://xbrl.org/int/dim/arcrole/domain-member" xlink:from="loc_us-gaapStatementLineItems" xlink:to="loc_us-gaapDueToOfficersOrStockholdersCurrent" order="2" />
  </link:definitionLink>
  <link:definitionLink xlink:type="extended" xlink:role="http://azzurro.com/role/SubsequentEventsDetailsNarrative" xlink:title="000018 - Disclosure - SUBSEQUENT EVENTS (Details Narrative)">
    <link:loc xlink:type="locator" xlink:href="https://xbrl.fasb.org/us-gaap/2022/elts/us-gaap-2022.xsd#us-gaap_StatementLineItems" xlink:label="loc_us-gaapStatementLineItems" />
    <link:loc xlink:type="locator" xlink:href="https://xbrl.fasb.org/us-gaap/2022/elts/us-gaap-2022.xsd#us-gaap_StatementTable" xlink:label="loc_us-gaapStatementTable" />
    <link:definitionArc xlink:type="arc" xlink:arcrole="http://xbrl.org/int/dim/arcrole/all" xlink:from="loc_us-gaapStatementLineItems" xlink:to="loc_us-gaapStatementTable" order="2000" xbrldt:contextElement="segment" xbrldt:closed="true" />
    <link:loc xlink:type="locator" xlink:href="https://xbrl.fasb.org/us-gaap/2022/elts/us-gaap-2022.xsd#us-gaap_RelatedPartyTransactionsByRelatedPartyAxis" xlink:label="loc_us-gaapRelatedPartyTransactionsByRelatedPartyAxis" />
    <link:definitionArc xlink:type="arc" xlink:arcrole="http://xbrl.org/int/dim/arcrole/hypercube-dimension" xlink:from="loc_us-gaapStatementTable" xlink:to="loc_us-gaapRelatedPartyTransactionsByRelatedPartyAxis" order="10" />
    <link:loc xlink:type="locator" xlink:href="https://xbrl.fasb.org/us-gaap/2022/elts/us-gaap-2022.xsd#us-gaap_RelatedPartyDomain" xlink:label="loc_us-gaapRelatedPartyDomain" />
    <link:definitionArc xlink:type="arc" xlink:arcrole="http://xbrl.org/int/dim/arcrole/dimension-domain" xlink:from="loc_us-gaapRelatedPartyTransactionsByRelatedPartyAxis" xlink:to="loc_us-gaapRelatedPartyDomain" order="20" />
    <link:loc xlink:type="locator" xlink:href="https://xbrl.fasb.org/us-gaap/2022/elts/us-gaap-2022.xsd#us-gaap_RelatedPartyDomain" xlink:label="loc_us-gaapRelatedPartyDomain_10" />
    <link:definitionArc xlink:type="arc" xlink:arcrole="http://xbrl.org/int/dim/arcrole/dimension-default" xlink:from="loc_us-gaapRelatedPartyTransactionsByRelatedPartyAxis" xlink:to="loc_us-gaapRelatedPartyDomain_10" order="30" xbrldt:contextElement="segment" />
    <link:loc xlink:type="locator" xlink:href="https://xbrl.fasb.org/us-gaap/2022/elts/us-gaap-2022.xsd#us-gaap_SubsequentEventTypeAxis" xlink:label="loc_us-gaapSubsequentEventTypeAxis" />
    <link:definitionArc xlink:type="arc" xlink:arcrole="http://xbrl.org/int/dim/arcrole/hypercube-dimension" xlink:from="loc_us-gaapStatementTable" xlink:to="loc_us-gaapSubsequentEventTypeAxis" order="30" />
    <link:loc xlink:type="locator" xlink:href="https://xbrl.fasb.org/us-gaap/2022/elts/us-gaap-2022.xsd#us-gaap_SubsequentEventTypeDomain" xlink:label="loc_us-gaapSubsequentEventTypeDomain" />
    <link:definitionArc xlink:type="arc" xlink:arcrole="http://xbrl.org/int/dim/arcrole/dimension-domain" xlink:from="loc_us-gaapSubsequentEventTypeAxis" xlink:to="loc_us-gaapSubsequentEventTypeDomain" order="40" />
    <link:loc xlink:type="locator" xlink:href="https://xbrl.fasb.org/us-gaap/2022/elts/us-gaap-2022.xsd#us-gaap_SubsequentEventTypeDomain" xlink:label="loc_us-gaapSubsequentEventTypeDomain_10" />
    <link:definitionArc xlink:type="arc" xlink:arcrole="http://xbrl.org/int/dim/arcrole/dimension-default" xlink:from="loc_us-gaapSubsequentEventTypeAxis" xlink:to="loc_us-gaapSubsequentEventTypeDomain_10" order="50" xbrldt:contextElement="segment" />
    <link:loc xlink:type="locator" xlink:href="https://xbrl.fasb.org/srt/2022/elts/srt-2022.xsd#srt_DirectorMember" xlink:label="loc_srtDirectorMember" />
    <link:definitionArc xlink:type="arc" xlink:arcrole="http://xbrl.org/int/dim/arcrole/domain-member" xlink:from="loc_us-gaapRelatedPartyDomain" xlink:to="loc_srtDirectorMember" order="31" />
    <link:loc xlink:type="locator" xlink:href="https://xbrl.fasb.org/us-gaap/2022/elts/us-gaap-2022.xsd#us-gaap_SubsequentEventMember" xlink:label="loc_us-gaapSubsequentEventMember" />
    <link:definitionArc xlink:type="arc" xlink:arcrole="http://xbrl.org/int/dim/arcrole/domain-member" xlink:from="loc_us-gaapSubsequentEventTypeDomain" xlink:to="loc_us-gaapSubsequentEventMember" order="32" />
    <link:loc xlink:type="locator" xlink:href="https://xbrl.fasb.org/us-gaap/2022/elts/us-gaap-2022.xsd#us-gaap_DueToOfficersOrStockholdersCurrent" xlink:label="loc_us-gaapDueToOfficersOrStockholdersCurrent" />
    <link:definitionArc xlink:type="arc" xlink:arcrole="http://xbrl.org/int/dim/arcrole/domain-member" xlink:from="loc_us-gaapStatementLineItems" xlink:to="loc_us-gaapDueToOfficersOrStockholdersCurrent" order="1" />
  </link:definitionLink>
</link:linkbase>